latitude,longitude,elevation,slope,aspect,B2,B3,B4,B5,NDVI,NDWI,NBR,label
27.514652403225703,88.37831770666251,3751.535400390625,29.82809123208415,92.15600600332357,474.0,451.0,529.0,263.0,0.07959183673469387,-0.054835493519441676,0.33585858585858586,0
27.219809150917207,88.11835461432436,2795.4658203125,12.56191307328825,359.5365600114127,441.0,424.0,484.0,277.0,0.06607929515418502,-0.046486486486486484,0.2720105124835742,0
27.390975164898986,88.23107377854032,2360.2314453125,21.124288228123618,181.84122627571494,353.0,328.0,393.0,233.0,0.09015256588072122,-0.05361930294906166,0.25559105431309903,0
27.45174828544512,88.37514483580979,2197.81884765625,36.61044681457286,298.77844457262586,398.0,370.0,427.0,276.0,0.07151819322459223,-0.03515151515151515,0.2147937411095306,0
27.147995066842405,88.23791852742049,1466.5494384765625,47.81290828829347,215.28514714178797,341.0,320.0,390.0,245.0,0.09859154929577464,-0.06703146374829001,0.2283464566929134,0
27.264936287220724,88.0753643012068,2104.4736328125,35.280623029545865,12.705172532148822,278.0,253.0,337.0,194.0,0.1423728813559322,-0.0959349593495935,0.2693032015065913,0
27.296663001655507,88.22840817244628,1690.450439453125,49.059994825561176,161.34297685920376,382.0,363.0,438.0,290.0,0.09363295880149813,-0.06829268292682927,0.2032967032967033,1
27.352250997610962,88.28802281162903,1918.422119140625,24.50274722791304,251.14774166160433,356.0,336.0,400.0,251.0,0.08695652173913043,-0.0582010582010582,0.22887864823348694,0
27.131365661794515,88.48203334081447,352.2836608886719,41.32530984526221,197.79403698850803,221.0,192.0,296.0,213.0,0.21311475409836064,-0.1450676982591876,0.16306483300589392,1
27.30539130033286,88.87873546493792,3430.124755859375,30.423071200562646,176.14141378817885,416.0,398.0,472.0,313.0,0.08505747126436781,-0.06306306306306306,0.20254777070063695,0
27.207359950380024,88.71513794887066,948.82958984375,27.629718534329243,168.44792917209452,418.0,385.0,469.0,288.0,0.09836065573770492,-0.05749718151071026,0.23910171730515192,0
27.398618090916997,88.65407358351382,2244.76025390625,46.18389321042572,136.34255628857397,372.0,353.0,415.0,269.0,0.08072916666666667,-0.054637865311308764,0.2134502923976608,1
27.389054136430985,88.33714962840757,1471.5919189453125,33.06524169188722,245.7508561167409,343.0,323.0,404.0,291.0,0.11141678129298486,-0.08165997322623829,0.16258992805755396,1
27.12857322058121,88.5779703937395,1827.277099609375,40.43838916544608,328.20577019030594,398.0,369.0,441.0,328.0,0.08888888888888889,-0.05125148986889154,0.1469440832249675,0
27.369179555593085,88.51770731176235,-32768.0,0.0,0.0,462.0,436.0,510.0,302.0,0.07822410147991543,-0.04938271604938271,0.2561576354679803,0
27.411569383308574,88.72974022724559,3870.397705078125,54.700801209500895,311.19019001939546,452.0,432.0,503.0,330.0,0.07593582887700535,-0.05340314136125655,0.20768307322929172,0
27.133214651926004,88.25205241158653,838.260009765625,39.24852499652051,120.29923968314631,204.0,181.0,293.0,199.0,0.23628691983122363,-0.1790744466800805,0.1910569105691057,1
27.543274554361872,88.35578052471111,3526.25439453125,44.96656688559134,55.546114075977925,374.0,348.0,423.0,251.0,0.09727626459143969,-0.06148055207026349,0.2551928783382789,0
27.172105261331872,88.54285980391124,529.0049438476562,43.19301904712093,355.9796900726501,339.0,315.0,400.0,276.0,0.11888111888111888,-0.08254397834912043,0.1834319526627219,0
27.397017257380323,88.77025551634243,4051.14111328125,3.2590105236307294,35.424652103085236,552.0,546.0,690.0,388.0,0.11650485436893204,-0.1111111111111111,0.28014842300556586,0
27.256002584573096,88.44293000259383,511.96270751953125,27.969375568818478,30.46912913240584,360.0,339.0,406.0,297.0,0.08993288590604027,-0.06005221932114883,0.155049786628734,0
27.240978211852344,88.13837195200227,1683.578857421875,43.45452706594658,57.38775300259897,415.0,397.0,462.0,260.0,0.07566938300349244,-0.053591790193842644,0.27977839335180055,1
27.244160471739523,88.49417275820241,881.1107788085938,18.00283245140354,229.68750884780331,409.0,379.0,478.0,328.0,0.11551925320886815,-0.0777903043968433,0.18610421836228289,0
27.51739330088853,88.63742621913919,-32768.0,0.0,0.0,433.0,419.0,490.0,281.0,0.0781078107810781,-0.06175514626218852,0.2710765239948119,0
27.404079973625457,88.61359925621238,-32768.0,0.0,0.0,270.0,242.0,327.0,237.0,0.14938488576449913,-0.09547738693467336,0.1595744680851064,0
27.35544505076198,88.66641809455143,1692.236572265625,31.21544468561971,147.25803539589668,188.0,166.0,252.0,159.0,0.20574162679425836,-0.14545454545454545,0.22627737226277372,1
27.297416142701305,88.76583343778812,2438.4873046875,61.536279637180606,166.11084738443606,474.0,448.0,523.0,341.0,0.07723995880535531,-0.04914744232698094,0.21064814814814814,1
27.45810799533374,88.19814551822535,-32768.0,0.0,0.0,368.0,349.0,397.0,214.0,0.064343163538874,-0.03790849673202614,0.2995090016366612,0
27.160042366955263,88.32324648221356,1261.0465087890625,24.386996323876318,1.2421627535933908,324.0,304.0,386.0,268.0,0.11884057971014493,-0.08732394366197183,0.18042813455657492,0
27.325080539853875,88.33858657002968,1867.244873046875,43.235057406810384,112.10103283284525,402.0,375.0,450.0,323.0,0.09090909090909091,-0.056338028169014086,0.16429495472186287,1
27.40263014217514,88.86331092915256,4039.385009765625,31.63862630723758,318.040590536664,91.0,61.0,184.0,104.0,0.5020408163265306,-0.3381818181818182,0.2777777777777778,0
27.13317350776113,88.31982083340831,598.5186767578125,38.449745510361886,89.91959694120641,212.0,179.0,288.0,195.0,0.2334047109207709,-0.152,0.19254658385093168,1
27.276452261774416,88.34179405312167,1911.195068359375,16.162550074126106,308.61017390955743,299.0,277.0,348.0,240.0,0.1136,-0.07573415765069552,0.1836734693877551,0
27.391827618310607,88.33136712943744,1541.216552734375,33.88629685167791,248.46519432943467,319.0,299.0,390.0,272.0,0.1320754716981132,-0.1001410437235543,0.1782477341389728,1
27.287974193396774,88.5418441276576,1535.46484375,30.77017744456203,264.2588221553501,396.0,375.0,456.0,319.0,0.09747292418772563,-0.07042253521126761,0.1767741935483871,0
27.517791264267185,88.79072681603677,4728.314453125,43.026811649936256,57.32401337120939,177.0,145.0,203.0,168.0,0.16666666666666666,-0.06842105263157895,0.09433962264150944,0
27.194372823470047,88.8335413023634,1382.827880859375,48.47136622637851,131.14370843855755,418.0,395.0,453.0,301.0,0.06839622641509434,-0.040183696900114814,0.20159151193633953,0
27.15872090187693,88.45215126607101,1110.9853515625,36.474510219353235,205.62102882966374,414.0,386.0,460.0,328.0,0.08747044917257683,-0.05263157894736842,0.16751269035532995,1
27.195300183264408,88.64169469727358,765.6725463867188,50.74801982518145,358.9553671853893,405.0,378.0,472.0,311.0,0.11058823529411765,-0.07639680729760548,0.20561941251596424,1
27.213635081528263,88.33166950747737,667.0765380859375,31.545860904817886,290.4078885695676,364.0,341.0,440.0,324.0,0.1267605633802817,-0.0945273631840796,0.1518324607329843,0
27.269541741714544,88.6175003588962,1253.4715576171875,27.178678289164367,322.12949718967286,443.0,417.0,492.0,346.0,0.08250825082508251,-0.052406417112299465,0.17422434367541767,0
27.30525174795638,88.14374945072697,1907.7352294921875,31.381159984257227,78.94838202145661,272.0,246.0,295.0,197.0,0.09057301293900184,-0.04056437389770723,0.1991869918699187,1
27.379296111226765,88.24770962109551,2288.594482421875,29.767153488479774,223.8092238579226,393.0,370.0,429.0,266.0,0.07384230287859825,-0.043795620437956206,0.23453237410071942,0
27.405463287972122,88.85292811642658,3981.865966796875,7.97925497964627,156.12012729355888,101.0,72.0,240.0,137.0,0.5384615384615384,-0.40762463343108507,0.27320954907161804,0
27.13281250247793,88.33268493832327,941.6798095703125,40.647822476703,161.25868264990117,312.0,288.0,371.0,268.0,0.125948406676783,-0.08638360175695461,0.16118935837245696,1
27.355555124200265,88.5261521170983,-32768.0,0.0,0.0,462.0,445.0,499.0,292.0,0.057203389830508475,-0.03850156087408949,0.26169405815423513,0
27.45625206942938,88.88122613444253,3678.05126953125,35.97606692155123,173.69131372253628,92.0,68.0,283.0,155.0,0.6125356125356125,-0.5093333333333333,0.2922374429223744,0
27.456964984028588,88.08839523123221,3971.474609375,33.51990296119995,247.1626099696885,170.0,145.0,245.0,167.0,0.2564102564102564,-0.18072289156626506,0.18932038834951456,1
27.229416298375227,88.13751128961803,2016.104736328125,11.589899151063545,46.71263826662647,402.0,385.0,447.0,268.0,0.07451923076923077,-0.053003533568904596,0.25034965034965034,0
27.17989516906247,88.71961408177788,1663.8348388671875,26.891481598206216,77.7690615211925,467.0,436.0,512.0,319.0,0.08016877637130802,-0.045965270684371805,0.2322503008423586,0
27.107625009614384,88.78131220737808,2287.887939453125,27.368402989769205,0.4933231490969092,408.0,381.0,442.0,314.0,0.07411907654921021,-0.04,0.1693121693121693,0
27.1436339252446,88.4332848054811,1127.8404541015625,26.211382216578865,222.18698773780525,414.0,396.0,460.0,323.0,0.07476635514018691,-0.05263157894736842,0.17496807151979565,0
27.128985252697987,88.40774469954255,1757.2440185546875,42.8851835820918,273.62369295476435,436.0,423.0,495.0,329.0,0.0784313725490196,-0.06337271750805586,0.20145631067961164,0
27.3177321524648,88.77373894943022,3566.450439453125,30.821278838436605,201.49210074130664,498.0,475.0,557.0,339.0,0.07945736434108527,-0.055924170616113746,0.24330357142857142,0
27.310749769524904,88.41841521215257,1228.5887451171875,21.61574689672891,80.40227164026044,448.0,430.0,496.0,329.0,0.07127429805615551,-0.05084745762711865,0.20242424242424242,0
27.543418730987938,88.30192974564542,4294.82763671875,44.31502498527563,31.71088797598395,239.0,226.0,332.0,214.0,0.18996415770609318,-0.1628721541155867,0.21611721611721613,0
27.117285964421736,88.2146665748352,545.4522705078125,24.26656570932659,49.62363962508846,164.0,139.0,271.0,170.0,0.32195121951219513,-0.24597701149425288,0.2290249433106576,1
27.11321599468059,88.18040490223989,1218.1602783203125,41.659445475447896,245.62512598162323,246.0,230.0,283.0,187.0,0.10331384015594541,-0.06994328922495274,0.20425531914893616,0
27.458985378090762,88.55494849331427,-32768.0,0.0,0.0,311.0,292.0,361.0,240.0,0.10566615620214395,-0.0744047619047619,0.20133111480865223,0
27.25545027017543,88.26158796377987,839.767822265625,31.298071409593792,284.69583923322966,256.0,231.0,310.0,217.0,0.14602587800369685,-0.09540636042402827,0.17647058823529413,1
27.161268358907037,88.81439746127167,2238.80126953125,22.454048348367504,101.348378174598,333.0,294.0,333.0,208.0,0.06220095693779904,0.0,0.23105360443622922,0
27.308470143070778,88.75176496433929,2810.529541015625,35.17639718015089,205.68695063816455,469.0,438.0,505.0,297.0,0.07104984093319194,-0.03696098562628337,0.2593516209476309,1
27.286190127877738,88.37063469605076,1856.2725830078125,32.89880377401336,89.03301626604826,469.0,450.0,514.0,344.0,0.06639004149377593,-0.04577822990844354,0.19813519813519814,0
27.26651453864767,88.82119303539224,2611.162109375,41.01615657287791,119.5140093082972,523.0,498.0,584.0,336.0,0.07948243992606285,-0.05510388437217705,0.26956521739130435,1
27.18563233656432,88.22947943314095,1278.690673828125,33.82335932078177,123.79730647267337,338.0,318.0,404.0,279.0,0.11911357340720222,-0.0889487870619946,0.18301610541727673,0
27.272285533579204,88.27172072185564,566.8890991210938,32.88989575129559,350.01501874756815,353.0,332.0,420.0,297.0,0.11702127659574468,-0.08667529107373868,0.17154811715481172,0
27.257368372773612,88.64061111548435,1940.0494384765625,32.081069118378046,170.38819987907823,412.0,394.0,460.0,327.0,0.07728337236533958,-0.05504587155963303,0.16899618805590852,1
27.506894051482472,88.1050375252365,4464.56494140625,55.08306768607344,67.29134788934942,481.0,470.0,540.0,332.0,0.06930693069306931,-0.05778648383937316,0.23853211009174313,0
27.30721337453263,88.41466507945673,1434.72607421875,24.93230225309565,50.90217668101252,439.0,419.0,487.0,326.0,0.07505518763796909,-0.05183585313174946,0.1980319803198032,0
27.120033047321105,88.86981868245044,860.9359130859375,52.01394650125763,255.22481749860782,320.0,287.0,347.0,250.0,0.0946372239747634,-0.04047976011994003,0.1624790619765494,0
27.3656652329736,88.50379538390784,-32768.0,0.0,0.0,324.0,299.0,368.0,270.0,0.10344827586206896,-0.06358381502890173,0.1536050156739812,0
27.35535050851216,88.51703129817987,-32768.0,0.0,0.0,350.0,320.0,386.0,244.0,0.09348441926345609,-0.04891304347826087,0.2253968253968254,0
27.142421190791765,88.29068525763103,585.6126708984375,37.85624394908218,302.9833757667746,164.0,129.0,263.0,166.0,0.34183673469387754,-0.23185011709601874,0.2261072261072261,0
27.261318207105347,88.64926424623636,1782.0478515625,23.490571714312665,146.82659010946531,375.0,358.0,428.0,308.0,0.089058524173028,-0.0660024906600249,0.16304347826086957,0
27.15378277918505,88.3380119813532,1570.081298828125,36.70615566999407,187.8805388746578,353.0,332.0,395.0,268.0,0.08665749656121045,-0.05614973262032086,0.19155354449472098,0
27.213744579799883,88.84081275425397,1464.176513671875,24.367404438599845,299.8493021954464,459.0,434.0,508.0,369.0,0.07855626326963906,-0.050672182006204755,0.15849486887115166,0
27.111757701965537,88.39799407327203,761.70166015625,39.61054226097429,222.69787453551683,297.0,278.0,346.0,253.0,0.10897435897435898,-0.07620528771384137,0.15525876460767946,1
27.521409750459302,88.8683821996322,3587.2333984375,35.308603986106384,8.64451830584153,84.0,58.0,238.0,125.0,0.6081081081081081,-0.4782608695652174,0.31129476584022037,0
27.4408586309414,88.26756784853683,2492.91943359375,38.83168590521323,120.68550733549205,329.0,297.0,378.0,227.0,0.12,-0.06930693069306931,0.24958677685950414,1
27.25415931919021,88.18662693233131,1401.9898681640625,30.142866737005363,332.5242319751571,415.0,394.0,458.0,284.0,0.07511737089201878,-0.049255441008018326,0.23450134770889489,0
27.29560847799397,88.60347737453759,873.3999633789062,24.753778779006257,110.28111152532153,191.0,162.0,264.0,191.0,0.23943661971830985,-0.16043956043956045,0.16043956043956045,0
27.402197454463185,88.40894123176976,2714.104248046875,42.37414621470663,118.0698402617698,548.0,524.0,619.0,307.0,0.0831146106736658,-0.060839760068551844,0.3369330453563715,0
27.346759500403238,88.42561527920694,2306.97265625,22.85097680673337,89.90177782562154,525.0,499.0,567.0,370.0,0.06378986866791744,-0.038461538461538464,0.2102454642475987,0
27.47868909381012,88.73688892011702,3626.796142578125,26.622324901936242,231.32120918836708,438.0,417.0,488.0,315.0,0.07845303867403315,-0.05399568034557235,0.21544209215442092,0
27.353429805538997,88.48212293256316,726.5275268554688,20.62004972713065,272.75611715854757,166.0,134.0,219.0,145.0,0.24079320113314448,-0.13766233766233765,0.2032967032967033,0
27.503327246725743,88.18146905980564,3871.537353515625,26.705660685662092,272.42589902146,326.0,305.0,368.0,233.0,0.09361069836552749,-0.06051873198847262,0.22462562396006655,0
27.1579497284295,88.445986342406,1284.6097412109375,40.124849315878734,8.730771594207567,434.0,412.0,501.0,350.0,0.09748083242059145,-0.07165775401069518,0.17743830787309048,0
27.187399521180595,88.44463978543739,868.8661499023438,36.336212634031156,317.2704373104651,400.0,375.0,445.0,306.0,0.08536585365853659,-0.05325443786982249,0.18508655126498003,0
27.14439636538915,88.33071351160413,1002.9148559570312,36.528121412251814,148.98904318140313,322.0,300.0,372.0,277.0,0.10714285714285714,-0.07204610951008646,0.14637904468412943,1
27.26077759811501,88.16114512820006,1271.1483154296875,27.7420734052898,7.451889370604761,323.0,304.0,367.0,234.0,0.09388971684053651,-0.06376811594202898,0.22129783693843594,0
27.299194131381974,88.85159520632959,4048.257568359375,11.721821466238382,222.60000387309537,399.0,368.0,434.0,236.0,0.08229426433915212,-0.04201680672268908,0.2955223880597015,0
27.156818347449907,88.89446153040136,1847.9180908203125,29.86880652758095,170.04889906475773,470.0,442.0,505.0,348.0,0.0665258711721225,-0.035897435897435895,0.18405627198124266,0
27.355250683995138,88.77998101173648,3396.71728515625,30.166019069986927,357.54780319248584,356.0,323.0,377.0,234.0,0.07714285714285714,-0.0286493860845839,0.23404255319148937,0
27.35173600015547,88.53635740118906,-32768.0,0.0,0.0,427.0,404.0,462.0,296.0,0.06697459584295612,-0.03937007874015748,0.21899736147757257,0
27.245921743245155,88.18232669163051,1566.3026123046875,33.05728542276084,294.77282853340836,447.0,426.0,489.0,292.0,0.06885245901639345,-0.04487179487179487,0.25224071702944945,0
27.39185272130825,88.45084985113006,1463.92822265625,36.753520346451474,254.2840044741621,390.0,364.0,433.0,294.0,0.08657465495608532,-0.05224787363304982,0.19119669876203577,0
27.174705970398488,88.50916091277522,440.23590087890625,25.78431545280643,37.334154941084535,298.0,273.0,341.0,251.0,0.11074918566775244,-0.06729264475743349,0.15202702702702703,0
27.19963085291552,88.55574913799438,561.217529296875,27.786885144209464,223.2410452784983,462.0,441.0,519.0,334.0,0.08125,-0.0581039755351682,0.21688159437280188,1
27.290706102435912,88.7838750653845,2820.262451171875,35.52119405834618,263.25134087039976,440.0,413.0,494.0,333.0,0.08930540242557883,-0.057815845824411134,0.1946795646916566,0
27.268861752150926,88.15255737684149,1316.388671875,32.381584982074735,90.33455094968906,382.0,366.0,430.0,273.0,0.08040201005025126,-0.059113300492610835,0.2233285917496444,1
27.52891346925061,88.1772287444624,4604.9560546875,35.292702362813834,145.3654378102891,468.0,454.0,524.0,266.0,0.07157464212678936,-0.056451612903225805,0.3265822784810127,0
27.31832552884903,88.18717590939677,1366.1409912109375,34.67365582375143,163.64647242810975,268.0,239.0,318.0,193.0,0.14183123877917414,-0.08532423208191127,0.2446183953033268,1
27.132783352757954,88.31474364608941,625.2280883789062,42.33515966375642,244.64054602967613,214.0,181.0,272.0,191.0,0.20088300220750552,-0.11934156378600823,0.17494600431965443,0
27.145768150438776,88.29163414751483,530.9232177734375,33.96357582959795,298.2197786712809,148.0,116.0,265.0,149.0,0.3910761154855643,-0.28329297820823246,0.28019323671497587,0
27.441831970486593,88.58124578874266,-32768.0,0.0,0.0,431.0,413.0,475.0,294.0,0.06981981981981981,-0.04856512141280353,0.235370611183355,0
27.440387677124782,88.16875337142082,2705.92822265625,38.76152695143559,244.94359982004295,331.0,312.0,367.0,223.0,0.08100147275405008,-0.05157593123209169,0.2440677966101695,0
27.309128852341733,88.61691570351667,1037.68603515625,19.01991255150792,314.69102155375083,282.0,259.0,340.0,255.0,0.1352253756260434,-0.0932475884244373,0.14285714285714285,0
27.373770385848214,88.15335546627712,3049.8466796875,30.975049489685333,274.32492633395594,365.0,339.0,391.0,232.0,0.07123287671232877,-0.03439153439153439,0.2552166934189406,0
27.17364367643247,88.16329237224187,1321.036865234375,25.885760145478315,236.45083659063033,206.0,181.0,269.0,167.0,0.19555555555555557,-0.13263157894736843,0.23394495412844038,0
27.423174146392196,88.62351219137783,-32768.0,0.0,0.0,172.0,142.0,261.0,159.0,0.29528535980148884,-0.20554272517321015,0.24285714285714285,0
27.462421345091656,88.36062459633516,2635.907470703125,52.16752126781395,106.1041647534197,367.0,343.0,401.0,214.0,0.07795698924731183,-0.044270833333333336,0.3040650406504065,0
27.52134716791891,88.42764086688383,2322.813232421875,29.285996223627713,340.8739689892969,524.0,504.0,561.0,270.0,0.05352112676056338,-0.034101382488479264,0.35018050541516244,0
27.43805652744504,88.69383763234349,3138.2529296875,26.48955663407324,292.33936486857004,373.0,361.0,379.0,165.0,0.024324324324324326,-0.007978723404255319,0.39338235294117646,0
27.39558832378227,88.5839591879513,-32768.0,0.0,0.0,318.0,292.0,360.0,254.0,0.10429447852760736,-0.061946902654867256,0.17263843648208468,0
27.364221755887215,88.71861319837055,3091.056640625,20.753583860526533,249.60805049784062,489.0,469.0,540.0,354.0,0.07036669970267592,-0.04956268221574344,0.2080536912751678,0
27.22439372751003,88.44860498597164,1250.4952392578125,31.877564483085152,3.10075600012658,375.0,359.0,422.0,311.0,0.08066581306017925,-0.05897114178168131,0.15143246930422918,0
27.2756765257739,88.80261623758241,3398.61279296875,33.92720260511874,142.03097211675527,517.0,494.0,577.0,319.0,0.07749766573295985,-0.054844606946983544,0.28794642857142855,0
27.23653532530875,88.13952468321715,1721.5980224609375,22.966861252656575,326.21807555757636,414.0,392.0,449.0,238.0,0.06777645659928656,-0.04055619930475087,0.3071324599708879,0
27.367982114409926,88.82192035809146,3938.44580078125,21.648412967690206,47.001259729279866,569.0,563.0,669.0,370.0,0.08603896103896104,-0.08077544426494346,0.287776708373436,0
27.19311734243751,88.71700551988212,1545.14453125,29.017718942870765,295.0415527303501,419.0,395.0,484.0,336.0,0.1012514220705347,-0.07198228128460686,0.18048780487804877,0
27.18889619391192,88.16781321182845,1823.6324462890625,9.007901130243862,146.0072990325922,283.0,248.0,325.0,221.0,0.1343804537521815,-0.06907894736842106,0.19047619047619047,0
27.34970628818193,88.5923577820438,-32768.0,0.0,0.0,422.0,398.0,469.0,324.0,0.08189158016147635,-0.052749719416386086,0.1828499369482976,0
27.442334998616495,88.49491003656807,1145.1881103515625,58.12773869758546,136.99541866917934,335.0,318.0,379.0,270.0,0.08751793400286945,-0.06162464985994398,0.1679506933744222,1
27.171680298005082,88.54204468864394,580.300048828125,44.233381385892486,4.906371599371482,353.0,332.0,409.0,278.0,0.1039136302294197,-0.07349081364829396,0.19068413391557495,0
27.499825383769082,88.58622104171414,-32768.0,0.0,0.0,383.0,366.0,433.0,286.0,0.08385481852315395,-0.061274509803921566,0.20445062586926285,0
27.43025358798273,88.44365191535418,2483.267578125,33.91588318216695,97.47470251949267,216.0,176.0,291.0,192.0,0.2462526766595289,-0.14792899408284024,0.20496894409937888,0
27.140766251078166,88.31119800433991,931.3362426757812,28.618854930921987,129.53614418017412,268.0,242.0,319.0,228.0,0.13725490196078433,-0.0868824531516184,0.1663619744058501,0
27.394989609068034,88.65854968076107,1886.2401123046875,63.374829908015,189.40504147605705,225.0,200.0,270.0,186.0,0.14893617021276595,-0.09090909090909091,0.18421052631578946,1
27.105664639168108,88.79050030599169,1979.49169921875,28.40530060416103,75.83383250431098,527.0,507.0,582.0,334.0,0.06887052341597796,-0.04959422903516682,0.27074235807860264,0
27.456005486110335,88.32841389349672,2448.28662109375,41.37931524974208,36.292976956426116,381.0,356.0,431.0,274.0,0.09529860228716645,-0.06157635467980296,0.2226950354609929,0
27.539501546251152,88.38654219400783,3196.36572265625,36.15891945727101,37.83702443146939,459.0,434.0,500.0,249.0,0.07066381156316917,-0.04275286757038582,0.33511348464619495,0
27.13777114336771,88.76429290740674,2262.500732421875,31.396655616371458,88.29537145262145,193.0,163.0,279.0,183.0,0.26244343891402716,-0.18220338983050846,0.2077922077922078,0
27.41518748694161,88.43964087300161,2341.59619140625,42.76771344529207,218.7561026716985,456.0,425.0,495.0,314.0,0.07608695652173914,-0.04100946372239748,0.22373300370828184,0
27.52817018387143,88.57096365311693,-32768.0,0.0,0.0,201.0,169.0,262.0,182.0,0.21577726218097448,-0.13174946004319654,0.18018018018018017,0
27.2319986432758,88.25791564686071,1567.0057373046875,39.21083249114357,22.32988698686728,333.0,313.0,391.0,276.0,0.11079545454545454,-0.08011049723756906,0.1724137931034483,0
27.513487315635636,88.52886008689374,729.1614379882812,40.03693324222029,135.8964643373455,174.0,150.0,290.0,184.0,0.3181818181818182,-0.25,0.22362869198312235,0
27.11095510451255,88.40122418897639,917.2539672851562,35.10911515351946,247.22985926433577,360.0,340.0,412.0,312.0,0.09574468085106383,-0.06735751295336788,0.13812154696132597,1
27.235978417994794,88.28715359010837,952.1687622070312,37.42716380759621,64.43211933300216,414.0,389.0,467.0,319.0,0.0911214953271028,-0.060158910329171394,0.18829516539440203,0
27.35942929107841,88.84638291167455,4005.130126953125,19.490747119567015,191.40868866940377,392.0,365.0,461.0,285.0,0.1162227602905569,-0.08089097303634232,0.2359249329758713,0
27.40295434977591,88.84937382124421,4053.863037109375,35.710669609146166,117.35750100133862,104.0,69.0,320.0,169.0,0.6452442159383034,-0.5094339622641509,0.30879345603271985,0
27.492233102177625,88.77991837208428,4776.2744140625,33.24849522457105,284.3671592989215,219.0,192.0,233.0,202.0,0.09647058823529411,-0.030973451327433628,0.07126436781609195,0
27.484841911021107,88.07453987670779,4460.74169921875,37.2726454704018,40.144307069588535,261.0,245.0,312.0,234.0,0.12028725314183124,-0.08900523560209424,0.14285714285714285,0
27.124201159032722,88.36227304283182,556.3300170898438,43.170710921254155,223.77876944331112,223.0,194.0,296.0,208.0,0.20816326530612245,-0.14065510597302505,0.1746031746031746,1
27.366339518318657,88.88129403197922,4187.14990234375,7.102708582261271,312.1452977923642,124.0,110.0,158.0,121.0,0.1791044776119403,-0.12056737588652482,0.13261648745519714,0
27.099974082797228,88.20492580429132,1423.9638671875,22.66261549652354,157.5942088510733,422.0,413.0,474.0,303.0,0.06877113866967305,-0.05803571428571429,0.22007722007722008,0
27.299294809106108,88.81149617704662,3559.12353515625,18.79183203100615,319.2027243956797,331.0,300.0,417.0,248.0,0.16317991631799164,-0.11497326203208556,0.25413533834586466,0
27.281611980821634,88.80584172286675,3636.296630859375,19.8671958284167,111.40006139200841,465.0,437.0,518.0,287.0,0.08481675392670157,-0.05391658189216684,0.28695652173913044,0
27.396206798509166,88.25879886827657,2515.721923828125,25.923368105317234,345.8671936913994,378.0,353.0,420.0,250.0,0.08667529107373868,-0.05263157894736842,0.2537313432835821,0
27.29695332920992,88.76398401361608,2473.47021484375,45.425834793990816,160.19893099854596,450.0,425.0,508.0,331.0,0.08896034297963558,-0.060542797494780795,0.21096543504171633,1
27.360261670715637,88.43294499049681,2189.955078125,25.99646213457478,135.960946596569,503.0,481.0,557.0,355.0,0.07321772639691715,-0.0509433962264151,0.22149122807017543,0
27.166548454914327,88.19918323448371,1445.255126953125,16.148560108898508,211.17358250122294,351.0,335.0,432.0,291.0,0.12646675358539766,-0.10344827586206896,0.1950207468879668,0
27.2413430526315,88.85875472188158,2418.53173828125,38.071536916198625,195.16778091986254,446.0,423.0,496.0,308.0,0.0794341675734494,-0.05307855626326964,0.23383084577114427,0
27.282700914344332,88.25924575734778,1253.486572265625,24.877458421255465,122.06453441970393,303.0,276.0,357.0,247.0,0.12796208530805686,-0.08181818181818182,0.18211920529801323,0
27.156719632573243,88.49012270593195,948.749755859375,32.17480322045435,253.57844085074044,239.0,212.0,289.0,206.0,0.1536926147704591,-0.0946969696969697,0.16767676767676767,0
27.102525328165108,88.69787839997171,1980.7138671875,34.35994960918631,206.59645969718142,409.0,385.0,441.0,298.0,0.06779661016949153,-0.03764705882352941,0.19350473612990526,0
27.400856696563306,88.5472634208506,-32768.0,0.0,0.0,472.0,453.0,530.0,267.0,0.07833163784333673,-0.05788423153692615,0.3299874529485571,0
27.280011401669707,88.57341597255798,1158.5665283203125,35.69630249058472,162.20302796169938,416.0,393.0,484.0,356.0,0.10376282782212087,-0.07555555555555556,0.1523809523809524,0
27.201563734360317,88.14588201000656,2166.770263671875,27.35870366075493,169.34134867689352,448.0,427.0,496.0,302.0,0.07475622968580715,-0.05084745762711865,0.24310776942355888,0
27.168531743947067,88.89045687522541,1736.2540283203125,33.990615654753896,5.759722752645075,448.0,422.0,484.0,331.0,0.0684326710816777,-0.03862660944206009,0.18773006134969325,0
27.243785539227318,88.28809693052222,788.1021728515625,37.22563182642868,158.71035504479119,365.0,337.0,417.0,301.0,0.10610079575596817,-0.06649616368286446,0.1615598885793872,1
27.268489255127534,88.12756666389667,1368.1800537109375,23.18872749435341,270.63758935966433,237.0,209.0,283.0,175.0,0.15040650406504066,-0.08846153846153847,0.23580786026200873,0
27.25737863356567,88.3990383886553,1490.3984375,10.33878013945667,56.45280970681108,338.0,311.0,381.0,271.0,0.10115606936416185,-0.059805285118219746,0.1687116564417178,0
27.162061608121718,88.1560999421967,1358.5894775390625,34.86206955653717,71.50168819815315,271.0,244.0,326.0,215.0,0.14385964912280702,-0.09212730318257957,0.20517560073937152,0
27.39247153568954,88.54137642908626,-32768.0,0.0,0.0,498.0,479.0,538.0,287.0,0.05801376597836775,-0.03861003861003861,0.30424242424242426,0
27.200750105724524,88.22967162055991,1800.4974365234375,35.46014045866009,56.9679702699454,362.0,345.0,404.0,274.0,0.0787716955941255,-0.05483028720626632,0.19174041297935104,0
27.371555361483022,88.49917448615358,-32768.0,0.0,0.0,262.0,242.0,317.0,225.0,0.13416815742397137,-0.09499136442141623,0.16974169741697417,0
27.312634468044873,88.34973817009032,1678.8203125,21.568850969066204,315.00459855519216,329.0,305.0,379.0,278.0,0.10818713450292397,-0.07062146892655367,0.1537290715372907,0
27.271494835743404,88.26119103524947,590.8717651367188,54.37465884448153,153.34721529784645,366.0,346.0,429.0,290.0,0.10709677419354839,-0.07924528301886792,0.1933240611961057,1
27.299473069215843,88.39729995717002,1790.3475341796875,55.73911142851116,202.30880590901648,401.0,378.0,448.0,309.0,0.0847457627118644,-0.05535924617196702,0.18361955085865259,1
27.123083105267277,88.37377356721306,693.02099609375,49.849919120887726,212.9679678254241,313.0,294.0,359.0,267.0,0.0995405819295559,-0.06845238095238096,0.14696485623003194,1
27.128554300673766,88.5819373462862,1952.3746337890625,8.683065582186916,72.1628780231888,360.0,345.0,426.0,283.0,0.10505836575875487,-0.08396946564885496,0.2016925246826516,0
27.2839700410689,88.14366936548748,2405.355224609375,29.711220366338647,214.06429474304161,351.0,325.0,382.0,218.0,0.08062234794908062,-0.04229195088676671,0.2733333333333333,0
27.429581087999736,88.37616169296211,2380.55859375,22.789261746100923,317.11655983125195,412.0,387.0,461.0,301.0,0.08726415094339622,-0.056128293241695305,0.2099737532808399,0
27.345197237435986,88.6132232383956,1599.2166748046875,89.90842141711911,270.0643057081396,475.0,453.0,525.0,347.0,0.0736196319018405,-0.05,0.20412844036697247,0
27.388184164021517,88.67773523797966,2935.476318359375,30.56680981098265,279.74582816358793,424.0,403.0,458.0,218.0,0.06387921022067364,-0.03854875283446712,0.35502958579881655,0
27.31368243056741,88.65778250299746,2090.866455078125,32.346518185183236,347.02957273903974,427.0,403.0,483.0,318.0,0.09029345372460497,-0.06153846153846154,0.20599250936329588,1
27.390370319997196,88.14049880112752,3818.555908203125,33.62569327076934,236.0307362666758,505.0,487.0,554.0,278.0,0.0643611911623439,-0.04627006610009443,0.3317307692307692,0
27.351483914665337,88.54123340243684,-32768.0,0.0,0.0,403.0,381.0,431.0,275.0,0.06157635467980296,-0.03357314148681055,0.22096317280453256,0
27.28409755586068,88.5462415406262,1477.1326904296875,30.216571405167382,100.38493070828616,370.0,340.0,425.0,304.0,0.1111111111111111,-0.06918238993710692,0.16598079561042525,1
27.283140559992564,88.78406528185076,2733.42333984375,40.12900170323591,220.34677899505095,337.0,299.0,375.0,248.0,0.11275964391691394,-0.05337078651685393,0.20385232744783308,0
27.349864542450526,88.45733920727437,835.55810546875,54.489673885000265,142.03107772468837,213.0,181.0,334.0,221.0,0.2970873786407767,-0.22120658135283364,0.2036036036036036,1
27.274867593595186,88.27405317166628,658.2706298828125,15.731805669326713,221.2193396011754,379.0,354.0,435.0,301.0,0.10266159695817491,-0.0687960687960688,0.18206521739130435,0
27.18692599514902,88.32677206254884,368.93597412109375,6.307415220334588,126.27232000935442,179.0,144.0,238.0,158.0,0.24607329842931938,-0.14148681055155876,0.20202020202020202,0
27.52342672461939,88.36960946432808,4125.7177734375,13.387129381422088,62.78026397995035,341.0,301.0,398.0,262.0,0.13876967095851217,-0.07713125845737483,0.20606060606060606,0
27.477975346884126,88.7078729798829,4083.182861328125,45.452453243200736,233.86895039883316,525.0,510.0,595.0,318.0,0.07692307692307693,-0.0625,0.30339539978094193,0
27.39884365258403,88.36731547823095,2072.058349609375,42.8016404702005,232.6337289628691,134.0,101.0,219.0,121.0,0.36875,-0.24079320113314448,0.28823529411764703,0
27.37265202463397,88.29888792133359,1813.1539306640625,46.5611465214232,183.69984178106952,403.0,382.0,456.0,288.0,0.0883054892601432,-0.06169965075669383,0.22580645161290322,0
27.390530063765112,88.27332072133669,2225.154541015625,31.04131168610924,354.98885160088525,418.0,400.0,463.0,282.0,0.07300115874855156,-0.0510783200908059,0.24295302013422818,0
27.1461928355987,88.78484969793944,1992.9847412109375,13.570022204016283,112.11667662245873,534.0,510.0,595.0,341.0,0.07692307692307693,-0.054030115146147036,0.27136752136752135,0
27.12344029918411,88.37159950494072,625.4312133789062,38.518939117890135,185.3940594857746,252.0,233.0,337.0,249.0,0.1824561403508772,-0.14431239388794567,0.15017064846416384,1
27.129852948137064,88.32880764064171,750.9486694335938,44.86478476192578,223.69073844786206,239.0,208.0,297.0,212.0,0.17623762376237623,-0.10820895522388059,0.16699410609037327,1
27.3410826318651,88.36099856706723,2344.2958984375,19.243708512031823,329.4500191431755,426.0,400.0,465.0,250.0,0.07514450867052024,-0.04377104377104377,0.3006993006993007,0
27.145741234693464,88.34740678786211,1388.2633056640625,32.82495730424813,114.60943409812944,362.0,341.0,420.0,308.0,0.1038107752956636,-0.0741687979539642,0.15384615384615385,0
27.416850244500267,88.262840372472,2126.181396484375,51.945257273112496,184.3815634166529,347.0,324.0,392.0,249.0,0.09497206703910614,-0.06089309878213803,0.22308892355694226,0
27.494183322033237,88.29069128550559,4741.7294921875,47.68017074529939,203.03100989435168,284.0,271.0,325.0,231.0,0.09060402684563758,-0.06732348111658457,0.16906474820143885,0
27.40956237009616,88.31317997471254,2141.385009765625,19.56895808952054,274.51468515366776,354.0,332.0,396.0,248.0,0.08791208791208792,-0.056,0.22981366459627328,0
27.247208126932136,88.52540103057305,497.4716491699219,27.010433496663392,129.8000990652855,381.0,359.0,443.0,321.0,0.10473815461346633,-0.07524271844660194,0.15968586387434555,0
27.234505901534654,88.64262547968951,1393.98046875,36.43154431289335,145.28459023282176,318.0,295.0,370.0,251.0,0.11278195488721804,-0.0755813953488372,0.19162640901771336,1
27.29433113659247,88.75031379824017,2111.246826171875,36.58323035761076,96.7479746941986,423.0,389.0,456.0,289.0,0.07928994082840236,-0.03754266211604096,0.22416107382550335,1
27.52076856388164,88.2146832248704,5029.55712890625,53.63709363355178,225.60656715588877,289.0,269.0,311.0,195.0,0.07241379310344828,-0.03666666666666667,0.22924901185770752,0
27.48267608173202,88.46873524297152,1571.6092529296875,30.886459912825668,100.03533527888891,427.0,405.0,473.0,292.0,0.0774487471526196,-0.051111111111111114,0.23660130718954248,0
27.159034838908532,88.45258504965363,1159.32177734375,42.977359350849305,223.29837386657948,414.0,388.0,463.0,334.0,0.0881316098707403,-0.055872291904218926,0.1618569636135508,1
27.435883085597528,88.15505440831086,3360.752197265625,37.10308172994839,92.46241619010618,420.0,400.0,457.0,267.0,0.06651108518086347,-0.04218928164196123,0.26243093922651933,0
27.487296151866207,88.53319537875247,-32768.0,0.0,0.0,238.0,192.0,296.0,218.0,0.21311475409836064,-0.10861423220973783,0.1517509727626459,0
27.26862975254089,88.61540680946646,1259.615234375,16.030657088127267,35.60056994180974,456.0,431.0,520.0,363.0,0.0935856992639327,-0.06557377049180328,0.17780294450736125,0
27.19351480339039,88.85507792919893,1928.9766845703125,26.94609603058044,236.80262765740932,460.0,446.0,515.0,343.0,0.07180020811654526,-0.05641025641025641,0.20046620046620048,0
27.138058578730867,88.78097107530458,1922.243896484375,42.85198530399184,202.65577331961703,478.0,462.0,541.0,355.0,0.07876370887337986,-0.06182531894013739,0.20758928571428573,0
27.390089162824946,88.55947132094664,-32768.0,0.0,0.0,487.0,473.0,535.0,276.0,0.061507936507936505,-0.046966731898238745,0.3193588162762022,0
27.2916232080746,88.63062939026037,1093.897216796875,32.79924316549876,223.56305113276275,341.0,315.0,401.0,297.0,0.12011173184357542,-0.08086253369272237,0.1489971346704871,1
27.164546001097396,88.14391130610525,1926.3209228515625,42.93692515579223,92.16667789715268,393.0,372.0,447.0,270.0,0.09157509157509157,-0.06428571428571428,0.24686192468619247,1
27.429178397756676,88.38482993321342,2697.560791015625,27.81733733014692,301.738622944247,402.0,382.0,443.0,275.0,0.07393939393939394,-0.0485207100591716,0.233983286908078,0
27.33028343117084,88.10730804519231,3277.72705078125,35.58510039838689,73.14246730907314,400.0,380.0,435.0,248.0,0.06748466257668712,-0.041916167664670656,0.27379209370424595,0
27.385706957876586,88.118063336969,3200.510986328125,37.11109695442683,249.65757756327037,462.0,436.0,510.0,247.0,0.07822410147991543,-0.04938271604938271,0.3474240422721268,0
27.3218941468563,88.50149474114163,1052.292236328125,38.27024009103325,338.8094911181645,456.0,438.0,507.0,295.0,0.07301587301587302,-0.0529595015576324,0.26433915211970077,1
27.385749522709446,88.32735391896628,1266.98486328125,60.552436907860255,186.01095687135714,303.0,277.0,380.0,268.0,0.1567732115677321,-0.11273792093704246,0.1728395061728395,1
27.48968249107212,88.50958980930241,840.6775512695312,30.305334425058685,190.6413851588618,307.0,286.0,365.0,251.0,0.12135176651305683,-0.08630952380952381,0.18506493506493507,1
27.386284318830057,88.16751586236144,3120.1025390625,41.36850756378232,138.18007425550815,272.0,234.0,344.0,212.0,0.1903114186851211,-0.11688311688311688,0.23741007194244604,0
27.3063369024212,88.1164286382643,2303.5986328125,37.70816056574047,261.6438127760527,418.0,388.0,460.0,251.0,0.08490566037735849,-0.04783599088838269,0.2939521800281294,0
27.19133376846819,88.71038968990563,1231.0941162109375,21.27863154531043,317.4980305854612,296.0,268.0,343.0,228.0,0.12274959083469722,-0.07355242566510173,0.20140105078809106,0
27.257076010709458,88.39118034174896,1716.7647705078125,16.724925245304117,35.00649726649249,389.0,365.0,433.0,288.0,0.08521303258145363,-0.0535279805352798,0.20110957004160887,0
27.15611902732371,88.45539972284587,1068.3577880859375,43.66994294484848,219.33898894867698,399.0,373.0,464.0,339.0,0.1087216248506571,-0.07531865585168018,0.15566625155666253,1
27.485314589511365,88.31587238874796,3973.38427734375,44.63751566642787,95.37185976946466,476.0,462.0,530.0,309.0,0.06854838709677419,-0.0536779324055666,0.2634088200238379,0
27.389663892055978,88.33264160248103,1376.24560546875,45.21388352764885,174.93167042729442,262.0,230.0,338.0,236.0,0.19014084507042253,-0.12666666666666668,0.17770034843205576,1
27.48836398032659,88.09625186754863,4784.919921875,35.82273292921559,19.46940419039464,441.0,433.0,507.0,303.0,0.07872340425531915,-0.06962025316455696,0.2518518518518518,0
27.31779735860525,88.31567233624774,1083.011474609375,25.29715669838669,279.9379428596811,519.0,497.0,575.0,344.0,0.07276119402985075,-0.051188299817184646,0.2513601741022851,0
27.408931587847707,88.70975227535308,3266.3017578125,41.32129421478962,247.4332257569867,204.0,173.0,239.0,168.0,0.16019417475728157,-0.07900677200902935,0.17444717444717445,0
27.207639887570156,88.19589825660043,2160.26171875,26.615675513838703,68.76305136129827,437.0,413.0,472.0,285.0,0.06666666666666667,-0.03850385038503851,0.24702774108322326,0
27.426766280130742,88.33262378935916,2437.882080078125,29.487252211020525,118.26118034642906,438.0,414.0,479.0,296.0,0.07278835386338185,-0.04471101417666303,0.2361290322580645,0
27.277902119816332,88.4864239134218,1898.001953125,42.32957129209073,199.59482653100594,390.0,367.0,453.0,325.0,0.1048780487804878,-0.07473309608540925,0.16452442159383032,0
27.11404076023757,88.26464934762949,360.6549377441406,47.23863192853299,60.7468548393943,160.0,122.0,310.0,170.0,0.4351851851851852,-0.3191489361702128,0.2916666666666667,1
27.12733380663444,88.4888945002674,304.1171569824219,47.087586836060574,187.80173869831225,128.0,97.0,132.0,87.0,0.15283842794759825,-0.015384615384615385,0.2054794520547945,1
27.28769507398964,88.75195432597047,1831.3704833984375,43.0467887399237,150.41264689938873,471.0,441.0,515.0,328.0,0.07740585774058577,-0.04462474645030426,0.22182680901542112,1
27.342303872776228,88.50959357298584,-32768.0,0.0,0.0,387.0,366.0,431.0,295.0,0.08155583437892096,-0.05378973105134474,0.18732782369146006,0
27.274979010398326,88.21893474787437,907.25341796875,21.949524986280714,108.11662450678892,292.0,267.0,348.0,214.0,0.13170731707317074,-0.0875,0.23843416370106763,0
27.159517974073925,88.15945953550822,1106.075439453125,13.892274270122334,88.68301067165407,324.0,299.0,382.0,260.0,0.12187958883994127,-0.0821529745042493,0.19003115264797507,0
27.1958089586424,88.14024061451849,1908.1070556640625,42.33141149877718,190.5094839350407,416.0,390.0,470.0,285.0,0.09302325581395349,-0.060948081264108354,0.24503311258278146,0
27.436812062880445,88.09062463103001,4338.751953125,14.859766372343563,101.7194708586103,329.0,316.0,390.0,262.0,0.1048158640226629,-0.08484005563282336,0.19631901840490798,0
27.204297281805,88.36486573676632,934.34716796875,32.50124492192044,136.15225397423046,291.0,268.0,358.0,265.0,0.14376996805111822,-0.10323574730354391,0.1492776886035313,0
27.33150250545608,88.62320958113835,1428.424072265625,21.03294004428788,157.4944648052409,292.0,264.0,349.0,263.0,0.13866231647634583,-0.08892355694227769,0.14052287581699346,1
27.14289713100188,88.6181603011821,1125.6177978515625,8.342127575384094,86.30548210642314,275.0,234.0,336.0,242.0,0.17894736842105263,-0.09983633387888707,0.16262975778546712,0
27.320379096339813,88.62820774310194,1172.2288818359375,8.586110229922983,17.79048432661972,304.0,280.0,356.0,267.0,0.11949685534591195,-0.07878787878787878,0.14285714285714285,0
27.28441825381648,88.72180963309302,1376.6103515625,47.341744491430475,124.47271128159372,390.0,362.0,446.0,336.0,0.10396039603960396,-0.06698564593301436,0.14066496163682865,1
27.222929982227427,88.34970849156589,1209.6302490234375,56.95479242176491,148.60693062370729,386.0,369.0,432.0,301.0,0.07865168539325842,-0.05623471882640587,0.17871759890859482,1
27.24210950559349,88.46656464921064,619.26806640625,23.999582555591477,35.1866418857382,263.0,235.0,293.0,210.0,0.10984848484848485,-0.0539568345323741,0.16500994035785288,0
27.3976734889654,88.49175883674478,1603.9781494140625,41.17300351278581,162.61577127641306,311.0,289.0,376.0,260.0,0.13082706766917293,-0.09461426491994178,0.18238993710691823,0
27.102943203202372,88.45263280450713,600.41015625,32.6203106884792,210.91467697707986,131.0,90.0,247.0,143.0,0.4658753709198813,-0.30687830687830686,0.26666666666666666,0
27.397117329482576,88.23286009423477,2459.444580078125,32.54023963211196,310.43052814238587,337.0,314.0,370.0,217.0,0.08187134502923976,-0.04667609618104668,0.2606473594548552,0
27.123709593364605,88.3692266613347,554.8297119140625,39.65834043259833,211.59589049799956,278.0,256.0,357.0,267.0,0.16476345840130505,-0.12440944881889764,0.14423076923076922,1
27.138197380792185,88.46233450378045,851.5046997070312,26.890022496985704,269.8928423647877,199.0,158.0,297.0,216.0,0.3054945054945055,-0.1975806451612903,0.15789473684210525,0
27.419672374536162,88.68677109136027,3067.10107421875,35.544514665522776,345.7522723705258,390.0,374.0,429.0,221.0,0.0684931506849315,-0.047619047619047616,0.32,1
27.50265286984424,88.27973683667663,5164.09912109375,11.391657929588813,235.3728770405243,230.0,210.0,239.0,171.0,0.0645879732739421,-0.019189765458422176,0.16585365853658537,0
27.34843443287501,88.36984979236803,2664.35302734375,27.56671651155248,341.3384931619647,572.0,556.0,627.0,273.0,0.060016906170752324,-0.045871559633027525,0.3933333333333333,0
27.365521236120824,88.2173069189274,1704.578369140625,13.376806822402301,265.3710563020834,357.0,329.0,411.0,267.0,0.11081081081081082,-0.0703125,0.21238938053097345,0
27.104881536295117,88.42640076567798,1022.6394653320312,36.627514796919115,244.6603061233183,303.0,282.0,376.0,278.0,0.14285714285714285,-0.10751104565537556,0.14984709480122324,0
27.491849517693876,88.7440150383569,3845.014404296875,26.47493025365777,357.2163748505171,353.0,322.0,434.0,283.0,0.14814814814814814,-0.10292249047013977,0.2105997210599721,0
27.416753759024434,88.19091460620966,2076.153076171875,39.80671979488709,245.9839343910011,296.0,274.0,332.0,195.0,0.09570957095709572,-0.05732484076433121,0.25996204933586337,1
27.217042457283632,88.60462637648637,971.544189453125,18.202687453774768,76.48637989077923,197.0,164.0,274.0,181.0,0.2511415525114155,-0.16348195329087048,0.2043956043956044,0
27.234791129800946,88.69143632129467,1492.1949462890625,61.96356060734696,202.05206124564816,285.0,261.0,335.0,228.0,0.12416107382550336,-0.08064516129032258,0.19005328596802842,1
27.49857002180517,88.43770897280727,2930.9130859375,43.783156366677055,186.892400787262,465.0,445.0,517.0,302.0,0.07484407484407485,-0.05295315682281059,0.2625152625152625,0
27.54417231686742,88.0991660976183,5180.509765625,33.97082904094424,77.65638899891866,282.0,277.0,304.0,237.0,0.04647160068846816,-0.03754266211604096,0.12384473197781885,0
27.534430072168878,88.602792493753,-32768.0,0.0,0.0,232.0,205.0,298.0,215.0,0.1848906560636183,-0.12452830188679245,0.1617933723196881,0
27.33262570599069,88.27163165868598,1078.773681640625,51.99780912847924,164.88810531951708,225.0,189.0,296.0,209.0,0.22061855670103092,-0.1362763915547025,0.17227722772277226,1
27.168710572378338,88.20021887397043,1521.7025146484375,17.737874838529418,170.6775502809519,329.0,310.0,390.0,264.0,0.11428571428571428,-0.08484005563282336,0.1926605504587156,0
27.102218163594102,88.19595151928175,1510.5107421875,17.280669738925273,161.85793414656337,275.0,255.0,368.0,248.0,0.18138041733547353,-0.14463452566096424,0.19480519480519481,0
27.41382904219087,88.15493090573791,-32768.0,0.0,0.0,381.0,358.0,425.0,246.0,0.08556832694763729,-0.05459057071960298,0.2667660208643815,0
27.17339865424118,88.49768692565657,814.4528198242188,36.222399357233726,19.750343513551798,271.0,246.0,317.0,236.0,0.1261101243339254,-0.0782312925170068,0.14647377938517178,0
27.380812528957357,88.351503598393,1496.1871337890625,51.357791580114664,65.24562526738669,208.0,187.0,250.0,161.0,0.14416475972540047,-0.09170305676855896,0.21654501216545013,0
27.188030290604434,88.7888516368843,2864.85986328125,20.976490636326766,214.70213206842854,231.0,206.0,311.0,194.0,0.20309477756286268,-0.14760147601476015,0.2316831683168317,0
27.25505246018787,88.28394177831404,1350.1031494140625,16.92944129938194,10.109793954476345,254.0,234.0,313.0,215.0,0.14442413162705667,-0.10405643738977072,0.1856060606060606,0
27.305452797457026,88.66211554936218,1880.417724609375,35.664128371226404,125.16019618269252,380.0,357.0,428.0,290.0,0.09044585987261146,-0.0594059405940594,0.19220055710306408,0
27.23772188467161,88.76614440013408,2100.13427734375,13.279913554704466,211.21107369222398,440.0,414.0,493.0,323.0,0.08710033076074973,-0.05680600214362272,0.20833333333333334,0
27.302714554356662,88.33338384163784,1156.7843017578125,42.46161503425672,229.90365433403278,385.0,366.0,443.0,313.0,0.09517923362175525,-0.07004830917874397,0.17195767195767195,1
27.129565714669063,88.29238784173242,451.67950439453125,46.361835063064895,192.9666754724683,143.0,106.0,235.0,131.0,0.3782991202346041,-0.24338624338624337,0.28415300546448086,1
27.09755175829033,88.56917490072006,1110.7318115234375,20.476335289083057,197.91109814267,467.0,448.0,510.0,335.0,0.06471816283924843,-0.044012282497441144,0.20710059171597633,0
27.13924721194746,88.60654638512234,1390.810791015625,12.531577148642043,81.51895267030761,468.0,437.0,554.0,375.0,0.11806256306760847,-0.08414872798434442,0.19268030139935413,0
27.427818223297443,88.82110745371884,4568.60693359375,17.4053797182021,174.07484328119563,237.0,223.0,306.0,259.0,0.15689981096408318,-0.1270718232044199,0.0831858407079646,0
27.495704986926228,88.34928743546388,3629.611572265625,41.00311174336975,308.2173570805345,352.0,326.0,393.0,230.0,0.09318497913769123,-0.05503355704697987,0.26163723916532905,0
27.330208637594374,88.17964168223357,2228.255615234375,7.620747470165821,27.140097892079382,417.0,394.0,455.0,256.0,0.071849234393404,-0.04357798165137615,0.279887482419128,0
27.374947711781395,88.0972934954746,2985.644287109375,31.626486042466755,110.71894401918178,285.0,260.0,318.0,178.0,0.10034602076124567,-0.05472636815920398,0.28225806451612906,0
27.434237176695216,88.19908361171814,-32768.0,0.0,0.0,380.0,363.0,415.0,227.0,0.06683804627249357,-0.0440251572327044,0.29283489096573206,0
27.173193851347666,88.19232951118214,1749.655029296875,21.951470166687056,135.39175683542362,327.0,301.0,376.0,246.0,0.11078286558345643,-0.06970128022759602,0.2090032154340836,0
27.28338721753159,88.42206070044405,1124.243408203125,25.866533629522444,85.32514412801646,186.0,153.0,254.0,170.0,0.24815724815724816,-0.15454545454545454,0.19811320754716982,0
27.44122362061433,88.26486027491012,2647.604248046875,31.291154475668385,91.27727836786778,430.0,400.0,472.0,280.0,0.08256880733944955,-0.04656319290465632,0.2553191489361702,0
27.21548479694422,88.31009617733142,688.6030883789062,32.56213403124636,34.212741368628656,379.0,360.0,445.0,325.0,0.10559006211180125,-0.08009708737864078,0.15584415584415584,0
27.23932865362168,88.59148077433962,1369.1978759765625,21.597913170182512,127.54110246230573,392.0,374.0,451.0,321.0,0.09333333333333334,-0.06998813760379596,0.16839378238341968,0
27.266843026599084,88.14772332468469,1243.6090087890625,31.91586198168376,194.47552765152676,361.0,343.0,417.0,262.0,0.09736842105263158,-0.07197943444730077,0.22827687776141384,0
27.471590144790575,88.66806514788593,2523.51953125,30.598082919859152,278.2105798320554,447.0,430.0,468.0,266.0,0.042316258351893093,-0.022950819672131147,0.27520435967302453,0
27.51971701943421,88.24140300955204,5400.04931640625,24.98380880718817,12.10285936392438,344.0,333.0,374.0,229.0,0.05799151343705799,-0.04178272980501393,0.24046434494195687,0
27.13844236053373,88.47427392159986,579.4031982421875,24.90668769829829,139.3080887566261,163.0,129.0,257.0,176.0,0.3316062176165803,-0.22380952380952382,0.18706697459584296,1
27.51014990674539,88.220829592762,5267.67333984375,56.778402563565,309.7420755207686,374.0,355.0,406.0,212.0,0.06701708278580815,-0.041025641025641026,0.313915857605178,0
27.213579270684193,88.1679026974607,2514.6884765625,18.29608439997189,313.627132130288,441.0,420.0,484.0,291.0,0.07079646017699115,-0.046486486486486484,0.24903225806451612,0
27.289748213736658,88.2630393626291,1428.346435546875,37.98570207045688,148.55607262146054,316.0,294.0,375.0,260.0,0.1210762331838565,-0.085383502170767,0.18110236220472442,1
27.38804877009077,88.58778982220153,-32768.0,0.0,0.0,397.0,377.0,451.0,319.0,0.0893719806763285,-0.06367924528301887,0.17142857142857143,1
27.426590814655466,88.65629412447058,1936.1458740234375,51.53525963780966,169.97985905954658,409.0,386.0,443.0,301.0,0.06875753920386007,-0.03990610328638498,0.19086021505376344,1
27.18238560911756,88.30488468723534,598.74072265625,38.534854495003714,214.50149438469418,161.0,125.0,305.0,185.0,0.4186046511627907,-0.3090128755364807,0.24489795918367346,0
27.124395332352304,88.88002129650656,712.29833984375,11.334859998183768,63.03268647997271,361.0,329.0,365.0,238.0,0.05187319884726225,-0.005509641873278237,0.21061359867330018,0
27.514098883744275,88.37293221083743,4040.870361328125,39.45018963036656,33.65911496291807,496.0,476.0,558.0,295.0,0.07930367504835589,-0.058823529411764705,0.3083235638921454,0
27.25197291107444,88.42946815993717,950.7060546875,56.144527181231176,347.19254210047995,401.0,379.0,451.0,331.0,0.08674698795180723,-0.05868544600938967,0.1534526854219949,0
27.137042370998792,88.5340354285879,449.1807861328125,24.675576932345518,347.5649153290392,317.0,283.0,361.0,250.0,0.12111801242236025,-0.06489675516224189,0.18166939443535188,0
27.185486595263086,88.31963261901127,356.4658508300781,28.241309437061002,163.16048458301998,150.0,118.0,153.0,99.0,0.12915129151291513,-0.009900990099009901,0.21428571428571427,1
27.301479026767066,88.8690786063647,3789.90771484375,39.71733493883692,39.98055618341664,340.0,312.0,403.0,281.0,0.12727272727272726,-0.0847913862718708,0.1783625730994152,0
27.309714755451903,88.80208074173471,3623.969970703125,15.905760602890217,324.29286526615874,485.0,460.0,549.0,340.0,0.08820614469772052,-0.061895551257253385,0.23509561304836896,0
27.26473650877825,88.31872184995522,996.9990234375,43.40531710347698,182.29487930457495,287.0,252.0,380.0,274.0,0.20253164556962025,-0.13943028485757122,0.1620795107033639,0
27.358928786061526,88.66853793678499,1931.5482177734375,62.39035129000978,173.44292998543574,185.0,158.0,231.0,157.0,0.18766066838046272,-0.11057692307692307,0.19072164948453607,1
27.128584496352406,88.82261052156329,1267.906005859375,38.343770050423885,165.312410852742,421.0,389.0,454.0,310.0,0.0771055753262159,-0.037714285714285714,0.18848167539267016,0
27.288723518755337,88.49960499847062,2224.823486328125,33.524162161348606,175.75104180256517,423.0,399.0,479.0,326.0,0.09111617312072894,-0.06208425720620843,0.19006211180124225,0
27.103993558665806,88.8716570322398,572.212646484375,33.47500219587684,264.86038254379076,362.0,337.0,408.0,303.0,0.0953020134228188,-0.05974025974025974,0.14767932489451477,0
27.21080563808982,88.48551114657901,460.43719482421875,28.37166409028375,73.68789265043239,316.0,292.0,359.0,266.0,0.10291858678955453,-0.0637037037037037,0.1488,0
27.1971791410146,88.75539939203163,2412.8828125,10.747560361038529,335.58366036564223,470.0,437.0,518.0,321.0,0.08481675392670157,-0.048582995951417005,0.23480333730631706,0
27.502591851666445,88.54625830531786,-32768.0,0.0,0.0,251.0,228.0,307.0,220.0,0.14766355140186915,-0.1003584229390681,0.1650853889943074,0
27.12825510105603,88.32110035507472,389.19970703125,32.889631670394856,134.71710218423084,224.0,195.0,300.0,208.0,0.21212121212121213,-0.1450381679389313,0.18110236220472442,1
27.328961006485915,88.6239228979615,1330.1522216796875,33.078070884935975,72.55304992103851,242.0,206.0,314.0,234.0,0.2076923076923077,-0.12949640287769784,0.145985401459854,1
27.34221125277134,88.26248958729106,1226.580322265625,48.18452956963368,119.74244302016632,265.0,253.0,348.0,233.0,0.15806988352745424,-0.13539967373572595,0.19793459552495696,0
27.530857955179922,88.6642926001414,2234.494873046875,23.22267562465042,34.687549947179264,508.0,494.0,564.0,304.0,0.0661625708884688,-0.05223880597014925,0.2995391705069124,0
27.326031431044456,88.6221230668831,1417.8997802734375,36.351659282846015,161.30271666053363,222.0,191.0,281.0,202.0,0.1906779661016949,-0.1172962226640159,0.16356107660455488,0
27.23773944034773,88.61344278516762,984.4395141601562,34.58869498131508,153.39262878339457,346.0,320.0,415.0,305.0,0.1292517006802721,-0.09067017082785808,0.1527777777777778,1
27.289494412812324,88.21039129888014,1652.4752197265625,38.654414988779656,139.57534853002142,373.0,346.0,416.0,263.0,0.09186351706036745,-0.05449936628643853,0.22533136966126657,0
27.31070617281118,88.72490511455126,1767.3656005859375,55.61103875065393,115.23212288515373,395.0,367.0,449.0,331.0,0.10049019607843138,-0.06398104265402843,0.15128205128205127,1
27.518005344555394,88.40504857407177,2485.609619140625,35.759327704725926,36.400755207965005,511.0,491.0,559.0,321.0,0.06476190476190476,-0.044859813084112146,0.27045454545454545,0
27.195154367192767,88.17361855083121,2251.338623046875,3.989146871106919,260.8832769827863,350.0,329.0,399.0,261.0,0.09615384615384616,-0.06542056074766354,0.20909090909090908,0
27.1160018285182,88.2243977587026,492.6537170410156,28.393715618303133,84.24957088310771,152.0,126.0,192.0,131.0,0.20754716981132076,-0.11627906976744186,0.18885448916408668,1
27.39232219103563,88.5077948536907,-32768.0,0.0,0.0,270.0,247.0,316.0,217.0,0.12255772646536411,-0.07849829351535836,0.18574108818011256,0
27.17432833649735,88.27959069193193,523.9263305664062,38.72824746103186,171.08486881310364,165.0,124.0,251.0,165.0,0.33866666666666667,-0.20673076923076922,0.20673076923076922,1
27.376904666750153,88.11529506926675,2429.77587890625,15.244168390321953,264.0417324157217,420.0,398.0,459.0,241.0,0.07117852975495916,-0.04436860068259386,0.31142857142857144,0
27.29041510495747,88.81801909829207,3822.3779296875,25.42549527462966,231.97316613338253,450.0,424.0,494.0,282.0,0.07625272331154684,-0.046610169491525424,0.27319587628865977,0
27.389931849081115,88.33116692858194,1400.77490234375,43.656884026552945,234.24830988490345,340.0,322.0,408.0,288.0,0.1178082191780822,-0.09090909090909091,0.1724137931034483,1
27.37641807371054,88.13629372364782,-32768.0,66.6172980730118,90.0,333.0,308.0,367.0,215.0,0.0874074074074074,-0.04857142857142857,0.2611683848797251,0
27.109289406358783,88.24961566649674,423.46038818359375,34.00454833704798,189.8358637712324,164.0,132.0,259.0,162.0,0.3248081841432225,-0.22458628841607564,0.23040380047505937,1
27.344746944143097,88.27539662944042,1374.1583251953125,29.46291431613272,260.1851227010318,303.0,285.0,360.0,239.0,0.11627906976744186,-0.08597285067873303,0.2020033388981636,1
27.33852155285947,88.67273586771086,1737.056640625,50.38939169024148,197.62043506412516,369.0,350.0,416.0,266.0,0.08616187989556136,-0.05987261146496815,0.21994134897360704,1
27.518927778012063,88.66138615879673,2779.075439453125,36.80417501689757,37.845444672857354,388.0,362.0,402.0,174.0,0.05235602094240838,-0.017721518987341773,0.3958333333333333,0
27.295622397050575,88.76160871008922,2326.256103515625,63.63127428965028,184.04673554460337,480.0,454.0,540.0,359.0,0.08651911468812877,-0.058823529411764705,0.20133481646273638,1
27.346977954446352,88.21645154625645,1149.9913330078125,39.4488065852359,76.75729473498154,252.0,221.0,335.0,205.0,0.20503597122302158,-0.141396933560477,0.24074074074074073,0
27.340137854493662,88.7547806111821,3192.1826171875,41.79500843669097,181.9195739065598,307.0,276.0,329.0,218.0,0.08760330578512397,-0.03459119496855346,0.20292504570383912,0
27.20000614934607,88.4458340989794,1028.7857666015625,52.66464824160624,82.01457208573709,505.0,484.0,548.0,299.0,0.06201550387596899,-0.04083570750237417,0.2939787485242031,1
27.460065792409566,88.40049143047186,3027.108154296875,25.391204698843474,298.7876362431045,440.0,415.0,485.0,271.0,0.07777777777777778,-0.04864864864864865,0.2830687830687831,0
27.30839868655257,88.72474499337301,1703.5545654296875,40.0521821837858,111.19770522124327,407.0,380.0,468.0,344.0,0.10377358490566038,-0.06971428571428571,0.15270935960591134,1
27.287930472973514,88.26105594805315,1369.1807861328125,26.738979998177424,125.77763086960636,283.0,257.0,352.0,245.0,0.15599343185550082,-0.10866141732283464,0.17922948073701842,1
27.328714740069625,88.26980182930998,787.447265625,36.35413542420364,208.76561851003993,437.0,423.0,492.0,317.0,0.07540983606557378,-0.059203444564047365,0.21631644004944375,1
27.323925440318156,88.8513703777046,3857.506591796875,5.663315026185999,181.29402404962192,218.0,186.0,276.0,189.0,0.19480519480519481,-0.11740890688259109,0.1870967741935484,0
27.22414625511981,88.64591077559602,841.7819213867188,8.958295411625611,165.9643532383942,341.0,311.0,401.0,287.0,0.12640449438202248,-0.08086253369272237,0.16569767441860464,0
27.281932403021678,88.73369540689785,1502.1778564453125,9.844391319707029,277.003885306457,424.0,397.0,476.0,323.0,0.09049255441008018,-0.057777777777777775,0.19148936170212766,1
27.516837710108106,88.57897510513752,-32768.0,0.0,0.0,430.0,416.0,493.0,305.0,0.0847084708470847,-0.06825568797399784,0.23558897243107768,0
27.14847754613519,88.63249921964065,722.38330078125,20.98444552379072,110.03511288720682,373.0,348.0,423.0,299.0,0.09727626459143969,-0.06281407035175879,0.17174515235457063,0
27.19711768086286,88.81710516880344,1654.5220947265625,40.03781937948624,187.1468299848066,427.0,398.0,456.0,282.0,0.06791569086651054,-0.03284258210645526,0.23577235772357724,1
27.29705638832879,88.29507366812416,639.3887329101562,47.9407792610751,84.52645129175653,267.0,231.0,323.0,244.0,0.16606498194945848,-0.09491525423728814,0.13932980599647266,1
27.42810871175107,88.78819606138754,4322.6376953125,29.485836140824137,200.1397749235128,269.0,242.0,284.0,217.0,0.07984790874524715,-0.027124773960216998,0.13373253493013973,0
27.38169234502997,88.67316075269741,2910.502197265625,40.64917783125824,266.8973233842736,574.0,549.0,632.0,312.0,0.07027942421676546,-0.04809286898839138,0.3389830508474576,1
27.46893392670261,88.07412078745034,4275.60546875,37.7421290335295,220.17758684458573,166.0,163.0,207.0,159.0,0.11891891891891893,-0.10991957104557641,0.13114754098360656,1
27.517947708662952,88.38167911295037,3669.354248046875,24.506527883842978,141.51963100884944,532.0,506.0,594.0,290.0,0.08,-0.055062166962699825,0.3438914027149321,0
27.315876399559336,88.57023564362893,1074.1143798828125,15.88392934265848,23.724078240133792,442.0,416.0,487.0,307.0,0.07862679955703211,-0.04843918191603875,0.22670025188916876,0
27.201848286023406,88.55521460659034,599.1778564453125,36.46862203413491,123.83849508530977,461.0,431.0,528.0,322.0,0.10114702815432743,-0.06774519716885744,0.24235294117647058,1
27.189199612866766,88.8409079425432,1343.7938232421875,30.663107908554366,248.3117568370202,496.0,474.0,544.0,390.0,0.068762278978389,-0.046153846153846156,0.16488222698072805,0
27.495536477623027,88.63805441522213,-32768.0,0.0,0.0,562.0,552.0,630.0,325.0,0.06598984771573604,-0.05704697986577181,0.3193717277486911,0
27.489261937458995,88.44523079457885,1882.0960693359375,40.51318866604679,116.07159752956676,527.0,501.0,583.0,324.0,0.07564575645756458,-0.05045045045045045,0.2855567805953694,1
27.283261616188824,88.71082407164617,1576.178955078125,35.62846580566933,126.1233027575521,439.0,415.0,496.0,358.0,0.0889132821075741,-0.06096256684491978,0.16159250585480095,1
27.19012524771406,88.30950030823323,971.7540893554688,36.11056086512395,151.1670319614626,286.0,255.0,358.0,247.0,0.16802610114192496,-0.11180124223602485,0.1834710743801653,0
27.35632206406558,88.66892772085245,1724.578369140625,23.580969400069176,292.74646025321397,218.0,198.0,269.0,175.0,0.15203426124197003,-0.10472279260780287,0.21171171171171171,1
27.13287822133386,88.19483146215985,520.234375,32.17155915167388,44.336608271741454,143.0,112.0,213.0,124.0,0.31076923076923074,-0.19662921348314608,0.26409495548961426,0
27.292202490491924,88.33575562725113,1353.1851806640625,27.673976127333443,250.7590424501437,413.0,390.0,467.0,337.0,0.08984830805134189,-0.06136363636363636,0.16169154228855723,1
27.481227256337018,88.20424543855634,3928.661376953125,23.76055124265977,326.95380242783057,351.0,332.0,381.0,215.0,0.06872370266479663,-0.040983606557377046,0.2785234899328859,0
27.526505338739174,88.12303717982621,4518.95361328125,13.430556254332632,61.9815208345708,478.0,471.0,540.0,323.0,0.06824925816023739,-0.060903732809430254,0.2514484356894554,0
27.208293603162435,88.11596235211792,3046.605712890625,13.881797528748294,54.87703950453226,399.0,376.0,445.0,259.0,0.08404384896467722,-0.054502369668246446,0.26420454545454547,0
27.374557785197204,88.5434844693359,-32768.0,0.0,0.0,536.0,520.0,583.0,304.0,0.057116953762466005,-0.0420017873100983,0.314543404735062,1
27.11082888993762,88.88171238452598,862.015625,25.988261513200403,341.1522491525175,437.0,415.0,462.0,315.0,0.053591790193842644,-0.027808676307007785,0.1891891891891892,0
27.341862139317314,88.3442334213236,1646.57763671875,22.279975386130765,311.8755692250506,388.0,366.0,426.0,281.0,0.07575757575757576,-0.04668304668304668,0.2050919377652051,0
27.291499423230864,88.12576886902814,2472.34326171875,36.68472050312521,258.20014873617,353.0,333.0,394.0,232.0,0.08390646492434663,-0.05488621151271754,0.25878594249201275,0
27.211122106387933,88.61187551072031,638.7252807617188,22.321946866050013,233.7164656527406,210.0,175.0,271.0,186.0,0.21524663677130046,-0.12681912681912683,0.18599562363238512,0
27.13877422229757,88.88154015530606,1304.063720703125,42.023999918983144,174.16786459672403,419.0,384.0,438.0,290.0,0.06569343065693431,-0.022170361726954493,0.2032967032967033,0
27.127102075143394,88.44852671724968,479.7538146972656,42.80022291247581,179.98421946562246,245.0,214.0,324.0,230.0,0.20446096654275092,-0.13884007029876977,0.16967509025270758,1
27.097574003174664,88.86207219569484,921.838134765625,35.29224320563441,86.57974134068837,493.0,473.0,540.0,367.0,0.06614017769002961,-0.04549854791868345,0.19073869900771775,0
27.492382407058237,88.72300525373716,3531.08642578125,31.658123134402032,248.3783715113834,348.0,320.0,360.0,225.0,0.058823529411764705,-0.01694915254237288,0.23076923076923078,0
27.22152440054682,88.36825943553374,1876.3751220703125,35.042651893553774,98.4528905809525,386.0,363.0,437.0,302.0,0.0925,-0.061968408262454436,0.18267929634641408,0
27.44535269060826,88.67325637987834,2082.238525390625,36.95773593019064,342.70559216950033,428.0,409.0,469.0,310.0,0.0683371298405467,-0.045707915273132664,0.20410783055198972,0
27.166113996521496,88.70002028140635,2060.114013671875,35.35534092887514,254.7996208954496,420.0,389.0,465.0,334.0,0.08899297423887588,-0.05084745762711865,0.1639549436795995,0
27.468462181600668,88.61121102828768,-32768.0,0.0,0.0,373.0,352.0,422.0,255.0,0.09043927648578812,-0.061635220125786164,0.2466765140324963,0
27.378550797643463,88.84858468387517,4036.284423828125,9.863195546756554,246.93063486468498,232.0,226.0,283.0,173.0,0.11198428290766209,-0.09902912621359224,0.2412280701754386,0
27.452139221877104,88.62266379885239,-32768.0,0.0,0.0,276.0,252.0,318.0,210.0,0.11578947368421053,-0.0707070707070707,0.20454545454545456,0
27.282409114965375,88.52398742786983,1461.6566162109375,45.82103595111984,198.8480057771455,343.0,321.0,392.0,269.0,0.09957924263674614,-0.06666666666666667,0.18608169440242056,1
27.281397496852147,88.76913027342081,2543.177490234375,35.79388758345369,229.1373439022953,509.0,481.0,583.0,330.0,0.09586466165413533,-0.06776556776556776,0.27710843373493976,0
27.09195458201959,88.32868533914868,534.6353759765625,19.64883422170335,41.566294855215745,141.0,108.0,319.0,169.0,0.49414519906323184,-0.3869565217391304,0.3073770491803279,0
27.471003900516195,88.2765863196161,4192.30078125,37.652338489984615,184.8774034526308,497.0,481.0,556.0,308.0,0.07232401157184185,-0.0560303893637227,0.28703703703703703,0
27.349992538518,88.80101213413775,3901.5048828125,7.10776260938563,202.6535473520477,500.0,479.0,552.0,326.0,0.07080504364694472,-0.049429657794676805,0.25740318906605925,0
27.459853416898056,88.64850007556858,1933.585693359375,39.03213379913726,130.7787146091258,438.0,416.0,482.0,295.0,0.07349665924276169,-0.04782608695652174,0.24066924066924067,1
27.311529805007602,88.31481279975466,755.7437744140625,33.52244941661295,136.09508094809138,388.0,363.0,478.0,321.0,0.1367419738406659,-0.10392609699769054,0.1964956195244055,1
27.439124038996408,88.39331094341361,2811.191162109375,18.141784034231254,316.06993916085776,347.0,319.0,382.0,194.0,0.0898716119828816,-0.04801097393689986,0.3263888888888889,0
27.117137257425405,88.77244993714014,2052.99560546875,26.74718671360671,30.62840662301039,379.0,362.0,441.0,333.0,0.09838107098381071,-0.07560975609756097,0.13953488372093023,0
27.31795053842091,88.51493139748777,1599.1761474609375,23.209031817250715,255.21340387209372,521.0,499.0,569.0,325.0,0.06554307116104868,-0.044036697247706424,0.27293064876957496,0
27.39048130929977,88.30655119490453,1288.6256103515625,9.475779384472226,197.47503225322578,343.0,324.0,394.0,252.0,0.09749303621169916,-0.06919945725915876,0.21981424148606812,0
27.182180385029447,88.32304159443652,402.6819152832031,36.605190208433555,333.8165969417458,143.0,106.0,228.0,134.0,0.3652694610778443,-0.22911051212938005,0.2596685082872928,0
27.312503810858864,88.26792833966532,1331.9234619140625,30.23723355080834,192.07861190896173,391.0,373.0,447.0,288.0,0.09024390243902439,-0.06682577565632458,0.2163265306122449,0
27.205405330791425,88.33329847696658,644.5839233398438,25.282509600079464,356.66908510699324,362.0,335.0,425.0,305.0,0.11842105263157894,-0.08005082592121983,0.1643835616438356,0
27.146977343322515,88.3358648685288,1229.8585205078125,36.37466772736639,210.40937984434208,339.0,317.0,388.0,283.0,0.10070921985815603,-0.06740027510316368,0.15648286140089418,1
27.39734608399753,88.65280777915827,2121.916259765625,64.28944410769587,190.96670810593494,367.0,345.0,416.0,279.0,0.09329829172141918,-0.06257982120051085,0.1971223021582734,1
27.261977881558902,88.66327490023878,1852.3511962890625,31.453985124919647,159.97383340422414,425.0,403.0,472.0,335.0,0.07885714285714286,-0.05239687848383501,0.1697645600991326,0
27.19839394208808,88.33817021794384,774.1592407226562,46.08242822106189,262.3001604339907,150.0,113.0,238.0,142.0,0.3561253561253561,-0.2268041237113402,0.25263157894736843,0
27.11144289082809,88.33986952021591,373.3006896972656,21.371280938998982,187.4124407634131,206.0,171.0,273.0,193.0,0.22972972972972974,-0.13987473903966596,0.17167381974248927,0
27.25835801729972,88.8359612851337,2146.606201171875,39.54826326510096,91.77852596971752,486.0,459.0,535.0,295.0,0.07645875251509054,-0.047992164544564155,0.2891566265060241,1
27.513899178277207,88.19998768226128,4350.3662109375,35.060238222479676,317.6547925944918,265.0,246.0,285.0,173.0,0.07344632768361582,-0.03636363636363636,0.2445414847161572,0
27.359318115026923,88.7209813936415,3091.811767578125,29.8451912271568,321.1024317148551,514.0,491.0,566.0,353.0,0.07095553453169347,-0.04814814814814815,0.23177366702937977,0
27.14492087865958,88.70385597935673,1683.2393798828125,31.45655003006033,264.15185193552946,557.0,533.0,629.0,361.0,0.08261617900172118,-0.06070826306913996,0.27070707070707073,0
27.428332645593798,88.56561550545196,-32768.0,0.0,0.0,417.0,403.0,472.0,282.0,0.07885714285714286,-0.06186726659167604,0.2519893899204244,0
27.470199054051538,88.66959987995847,2652.3642578125,38.91139241678352,282.7468985229747,466.0,448.0,507.0,286.0,0.061780104712041886,-0.0421377183967112,0.2786885245901639,0
27.3999147859994,88.2663145265811,2132.207275390625,33.2291820209374,13.025728044676327,392.0,370.0,439.0,278.0,0.08529048207663782,-0.056558363417569195,0.22454672245467225,0
27.30365256283849,88.37576523311043,1610.843017578125,33.125723058222256,65.42557418083038,429.0,406.0,471.0,309.0,0.07411630558722919,-0.04666666666666667,0.2076923076923077,1
27.343570237066608,88.85887449405543,4268.013671875,11.352923595899554,320.54717587905,439.0,408.0,486.0,294.0,0.087248322147651,-0.05081081081081081,0.24615384615384617,0
27.22303125025881,88.88434417449677,2276.74072265625,47.203427964493024,217.93717566657384,436.0,422.0,501.0,326.0,0.08559046587215602,-0.06937033084311633,0.21160822249093109,0
27.544191641563142,88.64327379388607,1552.2899169921875,43.25844802127154,319.83797778676086,398.0,384.0,451.0,297.0,0.08023952095808383,-0.0624263839811543,0.20588235294117646,0
27.10249026840049,88.46220210043576,342.1776428222656,24.650067627466328,145.76572355648483,129.0,89.0,208.0,117.0,0.4006734006734007,-0.2344213649851632,0.28,0
27.366616479148682,88.24973278429938,2526.308837890625,27.696997698945633,213.08410047499112,434.0,416.0,478.0,281.0,0.06935123042505593,-0.04824561403508772,0.2595520421607378,0
27.278631308893708,88.61502286413273,1299.8238525390625,54.040525784537984,183.85203934722276,330.0,309.0,385.0,276.0,0.10951008645533142,-0.07692307692307693,0.1649016641452345,1
27.113506034905456,88.60403472513678,1380.480712890625,11.10053813851606,120.31872128647791,228.0,200.0,313.0,216.0,0.2202729044834308,-0.15711645101663585,0.1833648393194707,0
27.157109780883758,88.79871798462182,1817.4171142578125,42.89236624992195,259.7509422465348,439.0,416.0,488.0,320.0,0.07964601769911504,-0.05285868392664509,0.2079207920792079,0
27.152733853362705,88.34883005376847,1390.103271484375,31.64794958229164,57.684346991557504,346.0,321.0,403.0,292.0,0.1132596685082873,-0.07610146862483311,0.15971223021582734,0
27.141397233865078,88.82673303355264,1697.7686767578125,15.676513286800832,81.47637561592529,492.0,460.0,515.0,348.0,0.05641025641025641,-0.022840119165839126,0.19351100811123986,0
27.24063776874386,88.44685117372511,721.0956420898438,23.609724205998067,90.24269652088606,332.0,307.0,377.0,276.0,0.1023391812865497,-0.06346967559943582,0.1546707503828484,0
27.408831413205533,88.71435803026725,3492.82421875,34.55857979067658,236.41847807148287,281.0,255.0,318.0,223.0,0.1099476439790576,-0.06176961602671119,0.1756007393715342,1
27.22948864205745,88.43336857037528,1037.3284912109375,37.60263993086568,98.70249613915888,372.0,350.0,411.0,284.0,0.08015768725361366,-0.04980842911877394,0.18273381294964028,1
27.18884624313534,88.40850871908283,1548.60205078125,33.82568728041407,56.888360320725326,385.0,361.0,424.0,284.0,0.08025477707006369,-0.048207663782447466,0.1977401129943503,0
27.110563562267835,88.45282477564425,611.9685668945312,27.890598708699827,116.18677067217482,139.0,98.0,284.0,158.0,0.4869109947643979,-0.34278959810874704,0.2850678733031674,0
27.15583581974729,88.3880231913086,1245.6605224609375,42.71717685384651,132.45587451538677,394.0,374.0,448.0,329.0,0.09002433090024331,-0.06413301662707839,0.15315315315315314,0
27.25793565363997,88.84291287305882,2073.3046875,42.28070593653278,222.24745197074702,529.0,503.0,585.0,338.0,0.07536764705882353,-0.05026929982046679,0.2676056338028169,1
27.130490675889227,88.31249898942562,511.05828857421875,44.41241037575976,122.28545410259022,161.0,128.0,247.0,151.0,0.31733333333333336,-0.2107843137254902,0.24120603015075376,1
27.188626545040893,88.85501228290838,1827.398681640625,28.20116501096182,207.7794267892164,392.0,380.0,468.0,309.0,0.10377358490566038,-0.08837209302325581,0.20463320463320464,0
27.512170087319333,88.54862902669787,-32768.0,0.0,0.0,222.0,198.0,263.0,185.0,0.14099783080260303,-0.08453608247422681,0.17410714285714285,0
27.282471506484153,88.14250625644775,2233.965576171875,38.610937530880726,182.36236926521042,349.0,324.0,377.0,217.0,0.07560627674750357,-0.03856749311294766,0.26936026936026936,0
27.23465933930336,88.77926589489894,1814.997314453125,34.030727149854876,126.96498573901931,392.0,360.0,425.0,250.0,0.08280254777070063,-0.04039167686658507,0.25925925925925924,1
27.217923212274133,88.18114187324421,2439.21923828125,18.39778556640726,34.2028500921308,494.0,470.0,534.0,323.0,0.06374501992031872,-0.038910505836575876,0.24620770128354727,0
27.140644149255692,88.17907275658067,701.4996337890625,21.493072302344828,179.76762694069316,159.0,123.0,285.0,162.0,0.39705882352941174,-0.28378378378378377,0.2751677852348993,1
27.24439658999658,88.56331181793777,1588.781005859375,43.75210730181667,345.1170347665151,456.0,439.0,513.0,336.0,0.07773109243697479,-0.058823529411764705,0.20848056537102475,0
27.32356011664062,88.75607183920914,3601.359375,32.126777271726496,285.0816246078928,500.0,472.0,552.0,367.0,0.078125,-0.049429657794676805,0.20130576713819368,0
27.228045865824914,88.33266309012075,1664.2054443359375,53.437809484149206,195.60621803114753,334.0,299.0,388.0,283.0,0.12954876273653565,-0.07479224376731301,0.15648286140089418,0
27.123606692926437,88.29254219758762,258.155029296875,1.4199891359867598,100.86850169065696,167.0,144.0,248.0,186.0,0.2653061224489796,-0.19518072289156627,0.14285714285714285,0
27.373467841859117,88.85683456736012,4175.8671875,3.3536588433916705,292.6647573658441,465.0,450.0,546.0,347.0,0.0963855421686747,-0.08011869436201781,0.22284434490481522,0
27.385047401850635,88.72405963834973,3679.7216796875,34.71399280655642,80.77961983396875,421.0,402.0,479.0,306.0,0.08740068104426787,-0.06444444444444444,0.22038216560509555,0
27.53487507370105,88.14778608566844,4769.7646484375,34.936222034801425,250.94736797864215,458.0,445.0,509.0,282.0,0.06708595387840671,-0.052740434332988625,0.28697850821744625,0
27.54035670341515,88.49824196198547,1127.1256103515625,40.64642600689113,170.8735837492502,246.0,224.0,302.0,203.0,0.1482889733840304,-0.10218978102189781,0.19603960396039605,1
27.36686737421754,88.54938521433004,-32768.0,0.0,0.0,423.0,408.0,457.0,267.0,0.056647398843930635,-0.038636363636363635,0.26243093922651933,1
27.350001467698398,88.79651348631315,3895.132080078125,12.341278414495958,182.35522999821794,520.0,499.0,600.0,345.0,0.09190172884440401,-0.07142857142857142,0.2698412698412698,0
27.38868463597112,88.54964581794769,-32768.0,0.0,0.0,486.0,473.0,539.0,284.0,0.06521739130434782,-0.05170731707317073,0.30984204131227217,0
27.489101113077595,88.50841581524023,853.2694702148438,56.81102993160103,143.71380547978418,322.0,307.0,381.0,258.0,0.10755813953488372,-0.08392603129445235,0.19248826291079812,1
27.169647276749416,88.2686191962262,562.186279296875,11.502664317409053,155.58034697417418,145.0,107.0,252.0,138.0,0.403899721448468,-0.2695214105793451,0.2923076923076923,1
27.117550222686226,88.30229626175428,552.4947509765625,20.93394912701344,176.50833082988697,137.0,100.0,257.0,141.0,0.43977591036414565,-0.30456852791878175,0.2914572864321608,0
27.44389873402408,88.47342053105311,2202.5830078125,43.049854549798766,160.37876075593329,491.0,473.0,546.0,318.0,0.07163886162904809,-0.05303760848601736,0.2638888888888889,1
27.10066244991978,88.45933943489615,336.4828796386719,28.5947146541132,106.57335720946338,134.0,90.0,257.0,137.0,0.4812680115273775,-0.3145780051150895,0.30456852791878175,0
27.2919787736055,88.20519309097413,1912.6248779296875,42.24559023992921,185.29334692210566,364.0,337.0,403.0,252.0,0.0891891891891892,-0.05084745762711865,0.23053435114503817,0
27.13145816331817,88.7672757939813,2232.4638671875,36.52046871626824,41.51135419696055,307.0,287.0,356.0,252.0,0.10730948678071539,-0.07390648567119155,0.17105263157894737,0
27.168967505911112,88.36174510232557,1411.4385986328125,21.746361287846433,297.96616484192054,328.0,302.0,380.0,269.0,0.11436950146627566,-0.07344632768361582,0.17103235747303544,0
27.11342495902288,88.25770918094433,417.70074462890625,39.24081081793493,135.48477361224656,164.0,132.0,311.0,182.0,0.4040632054176072,-0.3094736842105263,0.2616632860040568,1
27.442795416165854,88.6632841869988,2115.08837890625,35.203238579853355,358.7062596045404,372.0,346.0,407.0,280.0,0.08100929614873838,-0.044929396662387676,0.1848617176128093,0
27.247064336815676,88.2256484319483,1601.35791015625,34.284184108925054,60.154720682960715,365.0,344.0,426.0,287.0,0.10649350649350649,-0.07711757269279393,0.1949509116409537,1
27.507914035754588,88.57918865035587,-32768.0,0.0,0.0,423.0,406.0,475.0,298.0,0.07832009080590238,-0.05790645879732739,0.22897800776196636,0
27.109590873694703,88.68845831665385,1568.8909912109375,7.764041523486091,289.9803055756313,381.0,358.0,427.0,299.0,0.08789808917197452,-0.05693069306930693,0.1763085399449036,0
27.253200295470197,88.1009834497736,1931.2362060546875,33.9962092508565,39.676777677299015,329.0,313.0,367.0,211.0,0.07941176470588235,-0.05459770114942529,0.2698961937716263,0
27.12314476099614,88.3905932414088,1010.9791870117188,47.021306408775686,89.64776065272031,339.0,318.0,395.0,292.0,0.10799438990182328,-0.07629427792915532,0.14992721979621543,0
27.431941043520954,88.13540715344966,3829.206298828125,28.602993372827548,101.89288664492159,317.0,291.0,342.0,200.0,0.08056872037914692,-0.03793626707132018,0.26199261992619927,0
27.197502131183974,88.72355062806143,1171.2469482421875,42.085305074748966,92.10339055748659,424.0,393.0,490.0,337.0,0.10985277463193659,-0.07221006564551423,0.18500604594921402,1
27.094644021386117,88.85020381433668,1357.7694091796875,22.76865053249939,66.04692334136797,603.0,586.0,658.0,365.0,0.05787781350482315,-0.04361617763679619,0.28641251221896386,0
27.486510644686888,88.56995458343903,-32768.0,0.0,0.0,277.0,256.0,339.0,237.0,0.13949579831932774,-0.10064935064935066,0.17708333333333334,0
27.443404234611588,88.25548032537169,3119.870361328125,39.45303668745067,181.0090300914698,401.0,375.0,442.0,267.0,0.08200734394124846,-0.04863582443653618,0.2468265162200282,0
27.11974029999265,88.36249933368924,428.7627868652344,34.971922046676916,304.01433913475967,269.0,248.0,342.0,252.0,0.15932203389830507,-0.11947626841243862,0.15151515151515152,0
27.430850708440268,88.44305082756092,2539.804443359375,25.762069845146993,129.812381121935,337.0,306.0,410.0,285.0,0.1452513966480447,-0.09772423025435073,0.17985611510791366,0
27.43167198947463,88.15015306489143,3476.957763671875,42.404804920150454,91.37217446618331,373.0,358.0,414.0,247.0,0.07253886010362694,-0.052096569250317665,0.2526475037821483,0
27.3336059514029,88.29707799956188,1047.900146484375,47.7561378204827,145.34699519964926,445.0,420.0,506.0,321.0,0.09287257019438445,-0.06414300736067298,0.22370012091898428,0
27.10324162543295,88.88097762165387,878.0868530273438,2.9380743990118217,175.15748394997013,425.0,405.0,450.0,321.0,0.05263157894736842,-0.02857142857142857,0.16731517509727625,0
27.098967007666317,88.31942241672516,600.2622680664062,35.09652358273609,86.11528886243224,140.0,106.0,249.0,131.0,0.4028169014084507,-0.2802056555269923,0.3105263157894737,0
27.340391990174105,88.66924512292434,1630.3748779296875,50.31797073786459,217.5640950133116,378.0,354.0,435.0,285.0,0.10266159695817491,-0.07011070110701106,0.20833333333333334,1
27.3158835642774,88.73198986470827,2091.4814453125,39.16270242039246,253.08575418366746,371.0,346.0,416.0,298.0,0.09186351706036745,-0.05717916137229987,0.16526610644257703,1
27.132778641471813,88.69155134410732,1482.6436767578125,15.619418845975197,214.6277924548247,310.0,277.0,345.0,237.0,0.10932475884244373,-0.05343511450381679,0.18556701030927836,0
27.0924520162523,88.51735591142975,1271.79638671875,50.67535353556991,23.98001102565928,261.0,241.0,306.0,217.0,0.11882998171846434,-0.07936507936507936,0.1701720841300191,0
27.322553328163668,88.65757389935781,1685.9813232421875,22.91657838191599,353.92775473294586,410.0,386.0,450.0,309.0,0.07655502392344497,-0.046511627906976744,0.1857707509881423,0
27.236494445441327,88.60182942550149,1193.612548828125,24.835906524370376,244.41464522372394,384.0,364.0,443.0,327.0,0.09789343246592318,-0.07134220072551391,0.15064935064935064,0
27.13785754938669,88.41915550010306,1297.53076171875,42.93710100815858,23.29322426059059,465.0,447.0,515.0,354.0,0.07068607068607069,-0.05102040816326531,0.1852704257767549,0
27.201600254561985,88.86615822906204,2184.597900390625,15.757795248160742,72.8184967046742,418.0,394.0,461.0,268.0,0.0783625730994152,-0.048919226393629126,0.26474622770919065,0
27.468093986669906,88.12470801575986,3632.157470703125,42.41795584862699,235.63026682102395,135.0,113.0,211.0,122.0,0.30246913580246915,-0.21965317919075145,0.2672672672672673,0
27.249716674049154,88.64638787952376,1544.4158935546875,35.42420075975413,200.88261540076462,364.0,345.0,415.0,291.0,0.09210526315789473,-0.06546854942233633,0.17563739376770537,1
27.230227681061002,88.43129299324025,1151.018798828125,41.084586565772334,124.77290735319974,378.0,355.0,420.0,283.0,0.08387096774193549,-0.05263157894736842,0.19487908961593173,1
27.224575306776504,88.51951486075947,1386.8839111328125,44.1517601263946,315.8780356181793,382.0,352.0,434.0,308.0,0.10432569974554708,-0.06372549019607843,0.16981132075471697,0
27.092921826008553,88.55697594849336,1172.3624267578125,17.178361930233976,120.83134087209908,531.0,516.0,582.0,382.0,0.060109289617486336,-0.04582210242587601,0.2074688796680498,0
27.301791073829534,88.10538346007193,2075.27001953125,35.19648692393016,118.01638667294606,433.0,412.0,477.0,267.0,0.07311586051743532,-0.04835164835164835,0.28225806451612906,0
27.292531533277142,88.85977560907934,3813.4873046875,24.982093741218197,140.05935796399297,491.0,462.0,582.0,386.0,0.11494252873563218,-0.08480894687791239,0.2024793388429752,0
27.39101660839229,88.59076720089737,-32768.0,0.0,0.0,395.0,378.0,455.0,324.0,0.09243697478991597,-0.07058823529411765,0.1681643132220796,1
27.45326421318149,88.67137513224353,2016.50341796875,41.39656249081034,294.3017569777131,535.0,520.0,613.0,388.0,0.0820829655781112,-0.06794425087108014,0.22477522477522477,0
27.24660787910533,88.37897357817735,2152.958740234375,45.859411573246675,137.9476947538173,379.0,355.0,434.0,308.0,0.10012674271229405,-0.06765067650676507,0.16981132075471697,1
27.288519939482324,88.3381247792547,1553.016845703125,32.82018403432282,10.020539888142196,353.0,326.0,404.0,294.0,0.10684931506849316,-0.06737120211360634,0.15759312320916904,0
27.127475038347207,88.33213796547203,696.7881469726562,35.49768037626239,252.17591812384762,183.0,148.0,250.0,173.0,0.2562814070351759,-0.15473441108545036,0.18203309692671396,1
27.256236350749525,88.5977709700475,1001.5814819335938,20.55904594203012,64.43558573311839,269.0,241.0,327.0,248.0,0.15140845070422534,-0.09731543624161074,0.1373913043478261,0
27.431132797420616,88.5748240567561,-32768.0,0.0,0.0,513.0,496.0,569.0,301.0,0.06854460093896714,-0.051756007393715345,0.3080459770114943,0
27.323219375309744,88.4559908126184,700.732177734375,26.042578762337016,194.5213981520195,332.0,309.0,368.0,264.0,0.08714918759231906,-0.05142857142857143,0.16455696202531644,0
27.517376233977075,88.19633350490449,4222.853515625,11.018711887629474,238.69380758780028,381.0,361.0,420.0,255.0,0.07554417413572344,-0.04868913857677903,0.24444444444444444,0
27.285889725661107,88.11003125442494,1793.47265625,36.36160824759702,191.70784433183027,336.0,317.0,369.0,222.0,0.07580174927113703,-0.04680851063829787,0.24873096446700507,0
27.357534898933928,88.23640106767608,1497.6114501953125,65.37163647444223,214.77437044056785,300.0,268.0,355.0,230.0,0.13964686998394862,-0.08396946564885496,0.21367521367521367,0
27.233088369505186,88.40880210868663,1859.9830322265625,27.01122232098769,35.22027304669189,412.0,388.0,452.0,314.0,0.0761904761904762,-0.046296296296296294,0.1801566579634465,0
27.2013786685586,88.39092002508697,1600.3638916015625,20.700095654272623,311.6254673647563,289.0,274.0,367.0,271.0,0.14508580343213728,-0.11890243902439024,0.15047021943573669,0
27.103647936251374,88.60399149716955,1584.972412109375,41.12400416176998,80.18537033360957,330.0,306.0,388.0,294.0,0.11815561959654179,-0.0807799442896936,0.1378299120234604,0
27.244315465982403,88.28596874677508,850.9021606445312,40.56674528358666,191.0624379720628,320.0,290.0,392.0,288.0,0.1495601173020528,-0.10112359550561797,0.15294117647058825,1
27.477480883650223,88.89396649065658,3254.357177734375,41.95622394131338,211.87244735961735,88.0,60.0,203.0,112.0,0.5437262357414449,-0.3951890034364261,0.28888888888888886,0
27.299120570905266,88.70948710203858,2281.2373046875,28.8414882753456,193.91884272398113,446.0,424.0,493.0,338.0,0.0752453653217012,-0.05005324813631523,0.1865222623345367,0
27.1305323489331,88.26238296933633,435.88824462890625,43.112779508489744,133.31412229636214,152.0,116.0,264.0,156.0,0.3894736842105263,-0.2692307692307692,0.2571428571428571,1
27.292286320828033,88.28560601877433,678.4219970703125,67.93086927563107,142.18186684746297,248.0,218.0,306.0,229.0,0.16793893129770993,-0.10469314079422383,0.14392523364485982,1
27.40757222161671,88.45470558194319,2392.883544921875,34.0927082802677,163.09492616181376,545.0,528.0,610.0,340.0,0.07205623901581722,-0.05627705627705628,0.28421052631578947,0
27.464437370002948,88.78358774663444,4807.09521484375,35.721030427276574,61.98500965369692,111.0,84.0,108.0,77.0,0.125,0.0136986301369863,0.16756756756756758,0
27.1522994032625,88.51244839467691,487.7608642578125,28.97609657420666,138.14783849625798,350.0,327.0,413.0,298.0,0.11621621621621622,-0.08256880733944955,0.1617440225035162,1
27.37856685665842,88.26419516475711,2786.1396484375,31.67164895985525,158.71783741820173,460.0,448.0,511.0,298.0,0.06569343065693431,-0.05252317198764161,0.26328800988875156,0
27.22811742572075,88.82613907396055,2003.166015625,13.868434782705627,55.88114064197157,465.0,438.0,511.0,302.0,0.07692307692307693,-0.0471311475409836,0.2570725707257073,0
27.13158192644549,88.53574843724172,817.7977294921875,21.71973310013625,19.770733800854487,327.0,289.0,388.0,272.0,0.14623338257016247,-0.08531468531468532,0.17575757575757575,0
27.159275410538633,88.45637061033881,1223.2646484375,34.65285852956543,139.50496834037676,396.0,364.0,452.0,324.0,0.10784313725490197,-0.0660377358490566,0.16494845360824742,1
27.491673515001494,88.1801223337818,3488.781494140625,12.36159680644756,105.91997957931676,388.0,372.0,432.0,275.0,0.07462686567164178,-0.05365853658536585,0.22206506364922207,0
27.358444905119455,88.14771809436583,-32768.0,0.0,0.0,389.0,362.0,428.0,235.0,0.08354430379746836,-0.04773561811505508,0.2911010558069382,0
27.455530302558067,88.63529346953811,-32768.0,0.0,0.0,509.0,493.0,558.0,311.0,0.06184586108468126,-0.04592314901593252,0.28423475258918296,0
27.539688373345736,88.34736789251231,4360.48779296875,38.42717596781583,20.65710144904864,344.0,315.0,385.0,256.0,0.1,-0.056241426611796985,0.20124804992199688,0
27.226083038907433,88.37667815612843,1792.2149658203125,38.444050641916526,124.90099211699578,325.0,305.0,382.0,273.0,0.11208151382823872,-0.08062234794908062,0.166412213740458,1
27.331028725995665,88.27160394669639,942.6658935546875,36.714987995680964,228.26940606693586,399.0,389.0,464.0,298.0,0.08792497069167643,-0.07531865585168018,0.2178477690288714,1
27.524780261231744,88.2347364282825,4846.00732421875,20.235739898438492,10.5723458499358,306.0,295.0,340.0,232.0,0.07086614173228346,-0.05263157894736842,0.1888111888111888,0
27.35770788546967,88.75142873868134,3550.749267578125,39.9891755822237,216.25471752246497,544.0,526.0,628.0,340.0,0.08838821490467938,-0.07167235494880546,0.2975206611570248,0
27.18452751672828,88.26156026428794,1470.1326904296875,65.99669747463196,179.79404117340084,448.0,429.0,509.0,332.0,0.08528784648187633,-0.06374085684430512,0.21046373365041618,1
27.318843026181487,88.12028661774758,2677.45068359375,38.850694475967785,92.5991974193629,483.0,465.0,538.0,288.0,0.07278165503489531,-0.05386875612144956,0.3026634382566586,0
27.394019369086976,88.55111005832828,-32768.0,0.0,0.0,408.0,387.0,455.0,247.0,0.08076009501187649,-0.054461181923522596,0.2962962962962963,1
27.12478642137115,88.85271868708706,1049.6041259765625,13.210397340518504,81.14344198224063,361.0,333.0,401.0,297.0,0.09264305177111716,-0.05249343832020997,0.1489971346704871,0
27.281937837632043,88.73472502356054,1526.20751953125,26.86622981807632,277.6556400615917,428.0,396.0,483.0,323.0,0.09897610921501707,-0.06037321624588365,0.19851116625310175,1
27.424948056865226,88.85690999370765,4323.62109375,26.151922675795493,6.455048301054887,100.0,69.0,211.0,156.0,0.5071428571428571,-0.35691318327974275,0.14986376021798364,0
27.270485865587375,88.32321910381671,1610.7108154296875,41.46176339267559,207.3922960009836,377.0,351.0,439.0,310.0,0.11139240506329114,-0.07598039215686274,0.17222963951935916,0
27.31316823228665,88.41150856598139,1491.252685546875,33.24902319389499,78.05036908383363,511.0,485.0,553.0,318.0,0.06551059730250482,-0.039473684210526314,0.269804822043628,0
27.381899444754435,88.2673202243352,2775.21142578125,21.18075993584953,328.6452569708326,461.0,448.0,511.0,291.0,0.06569343065693431,-0.051440329218107,0.2743142144638404,0
27.226944642360102,88.43213704975892,1201.6513671875,39.117854895094204,118.09954738262303,371.0,349.0,413.0,292.0,0.08398950131233596,-0.05357142857142857,0.17163120567375886,1
27.133871065168613,88.31377503923136,562.2109375,20.212906217679578,186.4676320284415,201.0,174.0,259.0,183.0,0.19630484988452657,-0.12608695652173912,0.17194570135746606,1
27.467973320554535,88.87848217627055,3923.243896484375,23.42435800421514,358.7507227878831,128.0,101.0,251.0,173.0,0.42613636363636365,-0.3245382585751979,0.18396226415094338,0
27.36441204262202,88.42166266263075,2731.757568359375,38.77671800381239,23.657477201086124,435.0,410.0,474.0,263.0,0.07239819004524888,-0.0429042904290429,0.2862957937584803,0
27.215474724027715,88.60727587536988,820.8812255859375,16.002252596097293,132.119719390169,248.0,206.0,301.0,221.0,0.1873767258382643,-0.0965391621129326,0.1532567049808429,1
27.382028051536302,88.86018686473336,4359.2470703125,18.233992539615752,208.68266911993604,445.0,443.0,526.0,347.0,0.08565531475748193,-0.08341915550978372,0.20504009163802978,0
27.433101502385405,88.55127112055087,-32768.0,0.0,0.0,453.0,436.0,501.0,282.0,0.06937033084311633,-0.050314465408805034,0.2796934865900383,0
27.153432689903912,88.4016643179197,1637.5411376953125,36.63445045637989,160.92269555506687,369.0,345.0,421.0,301.0,0.09921671018276762,-0.06582278481012659,0.16620498614958448,0
27.229666155584702,88.12363418302101,2603.373046875,15.266731557155474,353.7565714792356,342.0,317.0,380.0,219.0,0.09038737446197992,-0.05263157894736842,0.2687813021702838,0
27.275719578495632,88.28580250677769,900.4425659179688,50.85948348129015,193.05019664925334,319.0,283.0,378.0,283.0,0.1437216338880484,-0.08464849354375897,0.1437216338880484,1
27.340231836556647,88.64592342683966,1671.2745361328125,44.549882037534886,185.81884275273694,346.0,323.0,396.0,276.0,0.10152990264255911,-0.0673854447439353,0.17857142857142858,0
27.305284241422044,88.53515612949514,1789.06494140625,37.914396583540466,141.83023821088187,487.0,471.0,532.0,326.0,0.06081754735792622,-0.04416094210009813,0.2400932400932401,1
27.5098939011995,88.35074208602663,3672.9453125,54.36143803971035,179.40467826589372,297.0,278.0,344.0,226.0,0.10610932475884244,-0.07332293291731669,0.20701754385964913,0
27.528480237521595,88.77263358129817,4446.529296875,50.43200301330608,246.83138837631003,387.0,370.0,438.0,323.0,0.08415841584158416,-0.06181818181818182,0.15111695137976347,0
27.256775028311615,88.68481744878804,1896.109375,30.128202283098105,100.71446998530553,384.0,361.0,442.0,302.0,0.10087173100871731,-0.07021791767554479,0.1881720430107527,0
27.405512651571936,88.30775200622834,1837.809814453125,13.372023659442796,254.56014072368222,344.0,318.0,389.0,251.0,0.10042432814710042,-0.061391541609822645,0.215625,0
27.384330406524022,88.50188944628133,-32768.0,0.0,0.0,312.0,292.0,352.0,245.0,0.09316770186335403,-0.060240963855421686,0.17922948073701842,0
27.37928527171017,88.4306314393909,1811.88232421875,28.423656156780726,67.97897700772455,508.0,480.0,552.0,304.0,0.06976744186046512,-0.04150943396226415,0.2897196261682243,0
27.40967982716353,88.43629145294426,2005.54248046875,32.77163852226565,114.21641916119887,469.0,436.0,506.0,317.0,0.07430997876857749,-0.03794871794871795,0.22964763061968407,0
27.455981599139,88.50039018190236,1257.3800048828125,35.33362692878279,68.53271602380778,211.0,189.0,282.0,199.0,0.19745222929936307,-0.1440162271805274,0.17255717255717257,0
27.392311440966765,88.88346005135104,3680.33349609375,36.07587049139224,108.27072001325371,446.0,431.0,529.0,336.0,0.10208333333333333,-0.08512820512820513,0.223121387283237,0
27.262607957244256,88.33894486767517,1465.845458984375,50.99330971456189,156.9893209965319,185.0,149.0,231.0,159.0,0.21578947368421053,-0.11057692307692307,0.18461538461538463,1
27.35577387504958,88.6671905708148,1693.483642578125,32.62304808584684,139.9582156903943,193.0,172.0,243.0,152.0,0.1710843373493976,-0.11467889908256881,0.23037974683544304,1
27.5293019523839,88.40608022694282,2577.0400390625,31.290940955672216,133.300141102716,459.0,436.0,498.0,273.0,0.06638115631691649,-0.04075235109717868,0.2918287937743191,0
27.274362751500497,88.2840279474611,688.4547729492188,43.18006076261812,154.62606492459815,375.0,356.0,444.0,310.0,0.11,-0.08424908424908426,0.17771883289124668,1
27.46847691373659,88.40693629723552,3349.550537109375,16.585944583294523,255.62772420304503,467.0,438.0,505.0,251.0,0.07104984093319194,-0.03909465020576132,0.335978835978836,0
27.286300140696856,88.72976376880695,1721.1436767578125,42.32974342379951,284.1614303349904,434.0,409.0,488.0,315.0,0.08807134894091416,-0.05856832971800434,0.21544209215442092,0
27.26033465060037,88.72241777527844,1364.511474609375,15.05398410451662,282.1218349447044,364.0,333.0,416.0,290.0,0.11081441922563418,-0.06666666666666667,0.17847025495750707,1
27.42480278701491,88.23082823521453,3056.1943359375,32.51411513677446,21.129967758468297,432.0,413.0,483.0,264.0,0.078125,-0.05573770491803279,0.2931726907630522,0
27.469396811798745,88.80553080880341,4430.21240234375,31.851855465677108,318.5086149617543,319.0,297.0,376.0,286.0,0.11738484398216939,-0.08201438848920864,0.13595166163141995,0
27.336643919950205,88.30970771462505,947.0182495117188,28.411961026729827,319.1013747051158,440.0,414.0,489.0,332.0,0.08305647840531562,-0.0527448869752422,0.19123020706455543,0
27.27471213510583,88.71584489967141,1136.0626220703125,9.001331543523696,151.9037024394023,358.0,332.0,412.0,307.0,0.10752688172043011,-0.07012987012987013,0.14603616133518776,0
27.251370878459632,88.6448678334266,1665.65283203125,47.320383890191366,171.80172928003003,346.0,324.0,406.0,287.0,0.11232876712328767,-0.0797872340425532,0.1717171717171717,1
27.287590996718393,88.33310889218498,1504.320068359375,24.412765299325073,309.3508005310577,362.0,334.0,418.0,302.0,0.11170212765957446,-0.07179487179487179,0.16111111111111112,0
27.285714796619505,88.16049651844484,2193.78369140625,33.77532948963466,145.96736953637082,371.0,350.0,420.0,253.0,0.09090909090909091,-0.061946902654867256,0.24814264487369986,0
27.531493623688387,88.33891201845346,4574.5859375,50.41853607599403,291.69617300064385,264.0,228.0,280.0,206.0,0.10236220472440945,-0.029411764705882353,0.1522633744855967,0
27.50208803695433,88.5120494527078,1352.678466796875,34.60368225268559,152.09363017942565,278.0,258.0,348.0,237.0,0.1485148514851485,-0.11182108626198083,0.18974358974358974,0
27.288636993443255,88.48280086106318,1994.26123046875,31.851082329582052,253.0279587585215,279.0,254.0,329.0,238.0,0.12864493996569468,-0.08223684210526316,0.16049382716049382,0
27.399333969893085,88.3876201414879,2678.92822265625,48.00678188676812,168.79729267980701,451.0,428.0,502.0,295.0,0.07956989247311828,-0.053515215110178385,0.25972396486825594,0
27.295111039423887,88.76365378024272,2271.162109375,59.57852168060915,173.83800147158001,471.0,442.0,528.0,336.0,0.088659793814433,-0.057057057057057055,0.2222222222222222,1
27.237761763368006,88.44431223746571,727.0638427734375,36.891739184427045,158.31025214631688,319.0,296.0,364.0,265.0,0.10303030303030303,-0.06588579795021962,0.1573926868044515,1
27.248350038899968,88.61454452380393,1335.9686279296875,24.101444667514233,320.8460580503259,175.0,138.0,245.0,169.0,0.2793733681462141,-0.16666666666666666,0.18357487922705315,0
27.507142273405886,88.37231362775702,4118.4775390625,22.630502983442884,70.7237738756861,531.0,510.0,596.0,322.0,0.07775768535262206,-0.05767524401064774,0.2984749455337691,0
27.52902506311802,88.26992499068817,4722.12255859375,29.2867957668893,22.670161875333747,251.0,229.0,281.0,201.0,0.10196078431372549,-0.05639097744360902,0.16597510373443983,0
27.211146800409175,88.09736223531331,2837.3505859375,27.67228152286935,273.43841906880175,438.0,414.0,478.0,250.0,0.07174887892376682,-0.043668122270742356,0.3131868131868132,0
27.41680371770229,88.81457240614527,4348.83935546875,35.78661812965904,146.67487164996635,153.0,124.0,189.0,149.0,0.20766773162939298,-0.10526315789473684,0.11834319526627218,0
27.34253667359139,88.27196401118712,1217.7398681640625,24.666150316374985,299.5221015256349,265.0,250.0,329.0,226.0,0.13644214162348878,-0.10774410774410774,0.18558558558558558,1
27.197838030869473,88.13006479059825,2348.780517578125,19.431924458943676,97.5507851938736,441.0,423.0,495.0,286.0,0.0784313725490196,-0.057692307692307696,0.2676056338028169,0
27.15471920651097,88.56834348524453,1172.1937255859375,28.97588579670329,1.7102132678717794,298.0,273.0,347.0,237.0,0.11935483870967742,-0.07596899224806201,0.18835616438356165,0
27.528670511747336,88.1984560701851,4407.68115234375,32.39095370477758,278.61993848302575,292.0,280.0,319.0,218.0,0.0651085141903172,-0.044189852700491,0.18808193668528864,0
27.21773967479917,88.11582633527959,2833.40283203125,17.707071097832348,215.73562972702663,452.0,430.0,499.0,293.0,0.07427341227125941,-0.04942166140904311,0.2601010101010101,0
27.348167438601898,88.53633512138447,-32768.0,0.0,0.0,409.0,385.0,448.0,291.0,0.07563025210084033,-0.045507584597432905,0.2124492557510149,1
27.25112078556624,88.79699775162644,2784.634033203125,42.40392384098174,198.6410848948684,459.0,436.0,515.0,304.0,0.08307045215562565,-0.057494866529774126,0.2576312576312576,1
27.15877094041599,88.27731193121006,917.9826049804688,30.468353777567373,131.19804864895696,182.0,150.0,306.0,191.0,0.34210526315789475,-0.2540983606557377,0.23138832997987926,0
27.385105204830662,88.15396686065131,3327.852783203125,10.53416154312649,98.93484827676002,429.0,402.0,473.0,271.0,0.08114285714285714,-0.04878048780487805,0.271505376344086,0
27.30070811919892,88.73377800439862,2060.28955078125,30.653513776408058,267.4711819581697,417.0,384.0,461.0,331.0,0.09112426035502959,-0.05011389521640091,0.16414141414141414,0
27.54356424745348,88.65919015544722,1944.8472900390625,33.40692141636256,13.046120076709883,386.0,365.0,436.0,294.0,0.08863920099875156,-0.06082725060827251,0.19452054794520549,0
27.276797256144015,88.57067289691344,1001.0558471679688,43.0935138940671,154.82581977976724,246.0,203.0,288.0,214.0,0.17311608961303462,-0.07865168539325842,0.14741035856573706,1
27.268766062341225,88.15334358596039,1320.39306640625,37.8911078778935,205.50653790507965,367.0,348.0,423.0,268.0,0.09727626459143969,-0.07088607594936709,0.22431259044862517,1
27.283423781949484,88.3678524278433,1986.8162841796875,18.521872551364503,103.71083820558204,458.0,437.0,499.0,315.0,0.06623931623931624,-0.042842215256008356,0.22604422604422605,0
27.29745973772358,88.77261352454065,2801.250244140625,49.77524979700454,183.2149871156559,517.0,492.0,574.0,348.0,0.07692307692307693,-0.05224564619615032,0.24511930585683298,1
27.105918241872732,88.75439500187483,2545.779541015625,15.206469398421548,260.28338391823183,193.0,163.0,278.0,210.0,0.26077097505668934,-0.18046709129511676,0.13934426229508196,0
27.371636490480725,88.5981013473113,-32768.0,0.0,0.0,407.0,390.0,468.0,330.0,0.09090909090909091,-0.06971428571428571,0.17293233082706766,0
27.388208190483322,88.81957628361242,4308.45068359375,9.980911765996048,188.53125137993524,344.0,326.0,411.0,300.0,0.11533242876526459,-0.08874172185430464,0.15611814345991562,0
27.449822269070122,88.42673947375889,3297.6787109375,20.01661733848959,118.46586170477343,417.0,390.0,496.0,276.0,0.11963882618510158,-0.08652792990142388,0.2849740932642487,0
27.28985597985478,88.2519485677457,1336.7569580078125,22.131981046029384,220.7221976415649,302.0,282.0,369.0,251.0,0.1336405529953917,-0.09985096870342772,0.19032258064516128,0
27.341563421996323,88.76785456653727,3592.551025390625,38.32314114510533,325.1897595039828,444.0,409.0,498.0,284.0,0.09812568908489526,-0.05732484076433121,0.27365728900255754,0
27.395276865345995,88.26151577024648,2490.779052734375,31.642623387689667,85.45820731395509,418.0,401.0,460.0,280.0,0.06852497096399536,-0.04783599088838269,0.24324324324324326,0
27.466332044021918,88.17894303375661,-32768.0,0.0,0.0,290.0,274.0,324.0,198.0,0.08361204013377926,-0.05537459283387622,0.2413793103448276,0
27.316431467150068,88.43046739172377,958.4835205078125,67.79109589588525,180.27620886652153,439.0,414.0,480.0,322.0,0.0738255033557047,-0.04461371055495103,0.1970074812967581,1
27.147592930715785,88.2232243914586,890.676513671875,35.98882968220269,218.69540664862697,203.0,181.0,273.0,178.0,0.2026431718061674,-0.14705882352941177,0.2106430155210643,0
27.40150776125415,88.65831337602745,2409.81787109375,37.24885090545581,178.75853930902645,422.0,396.0,474.0,312.0,0.0896551724137931,-0.05803571428571429,0.20610687022900764,1
27.133243718415233,88.33007982757823,906.38330078125,40.62858241485671,272.35458800176974,300.0,275.0,353.0,251.0,0.12420382165605096,-0.08116385911179173,0.16887417218543047,0
27.312308171926524,88.32152636218763,864.5718383789062,32.62400635778259,179.88516933919914,333.0,314.0,391.0,269.0,0.10921985815602837,-0.08011049723756906,0.18484848484848485,1
27.127918159445525,88.33363369351834,768.97509765625,26.589692316262045,193.71303485604307,171.0,133.0,223.0,149.0,0.25280898876404495,-0.1319796954314721,0.1989247311827957,1
27.30087643329403,88.43408978552031,727.8551025390625,28.151496371804576,122.19346961633698,201.0,166.0,252.0,178.0,0.20574162679425836,-0.11258278145695365,0.17209302325581396,0
27.381767170656452,88.47050657055323,732.426513671875,41.07147386942065,200.75170809756145,392.0,366.0,439.0,326.0,0.0906832298136646,-0.056558363417569195,0.1477124183006536,1
27.165609066211193,88.64839498391578,603.8076782226562,22.27533442929477,253.74259395774868,366.0,345.0,417.0,263.0,0.09448818897637795,-0.06513409961685823,0.22647058823529412,0
27.449349156923613,88.88227624142593,3350.11328125,29.457648911709313,67.89612578150644,96.0,63.0,293.0,156.0,0.6460674157303371,-0.506426735218509,0.3051224944320713,0
27.422933730837727,88.80370954845974,4424.630859375,5.704223501260948,315.379239983176,107.0,73.0,160.0,119.0,0.37339055793991416,-0.19850187265917604,0.14695340501792115,0
27.25220156549655,88.26741647959985,1232.7275390625,30.956491519075303,324.82626174368187,187.0,164.0,239.0,157.0,0.18610421836228289,-0.12206572769953052,0.20707070707070707,0
27.216229050178132,88.08366347657962,2830.09326171875,30.807924497891676,111.66344001823973,359.0,338.0,406.0,224.0,0.0913978494623656,-0.06143790849673202,0.28888888888888886,0
27.370878298139434,88.08124190757131,2799.064453125,26.052894829661906,189.51467359081312,273.0,246.0,314.0,185.0,0.12142857142857143,-0.06984667802385008,0.25851703406813625,0
27.50535719242398,88.20866715012305,4727.40283203125,29.08489893387375,270.39605530384495,379.0,358.0,408.0,216.0,0.06527415143603134,-0.036848792884371026,0.3076923076923077,0
27.302296261954602,88.72413193731936,1588.89306640625,42.491276051921545,91.96654530273628,446.0,419.0,497.0,343.0,0.0851528384279476,-0.05408271474019088,0.18333333333333332,1
27.404887551415918,88.58203526251654,-32768.0,0.0,0.0,351.0,331.0,396.0,280.0,0.08940852819807428,-0.060240963855421686,0.17159763313609466,1
27.29676996736626,88.43168142729698,805.6907958984375,24.052971496672708,76.6397512750421,263.0,232.0,329.0,237.0,0.17290552584670232,-0.11148648648648649,0.1625441696113074,0
27.11733717099052,88.61662841709716,1238.7940673828125,7.202068795365555,326.44478174852435,160.0,120.0,192.0,125.0,0.23076923076923078,-0.09090909090909091,0.2113564668769716,0
27.156126411272087,88.1001796324925,2481.51318359375,20.564135064288713,304.641444722599,346.0,331.0,402.0,261.0,0.09686221009549795,-0.0748663101604278,0.21266968325791855,0
27.106894823611448,88.19455574818669,1604.9652099609375,40.24632863255905,48.27427139397906,436.0,430.0,498.0,322.0,0.07327586206896551,-0.06638115631691649,0.2146341463414634,0
27.414702131379514,88.19216169389796,2050.440673828125,35.304126575230775,230.9123160779228,288.0,272.0,323.0,195.0,0.08571428571428572,-0.057283142389525366,0.2471042471042471,1
27.265344813502015,88.5497508016921,837.19189453125,40.95645934680266,54.45289770043564,343.0,318.0,407.0,300.0,0.12275862068965518,-0.08533333333333333,0.15134370579915135,1
27.529927099364862,88.73893372484515,4209.4609375,20.353308887189794,322.6896151307546,504.0,488.0,585.0,330.0,0.09040074557315937,-0.0743801652892562,0.2786885245901639,0
27.3416062033504,88.4549373575966,1318.6728515625,7.1547226291786945,49.49527358671821,254.0,233.0,301.0,200.0,0.12734082397003746,-0.08468468468468468,0.20159680638722555,0
27.402561289534912,88.85415681161989,3851.358642578125,29.635337025189113,133.15099833929264,148.0,107.0,264.0,174.0,0.42318059299191374,-0.2815533980582524,0.2054794520547945,0
27.338204558969018,88.65604664940172,1464.0216064453125,22.152096790875316,268.1718513937333,389.0,361.0,433.0,289.0,0.0906801007556675,-0.0535279805352798,0.1994459833795014,0
27.247669802929785,88.07487912291414,2780.1953125,14.576756113454376,24.436367479729483,448.0,425.0,491.0,263.0,0.07205240174672489,-0.04579339723109691,0.30238726790450926,0
27.338818932371318,88.79409149602435,3588.756591796875,28.802827193870822,91.08034488813774,456.0,431.0,523.0,354.0,0.09643605870020965,-0.06843718079673136,0.19270239452679588,0
27.54185342021908,88.50083315995737,1279.2388916015625,35.371510645450186,209.3283599412293,288.0,264.0,343.0,224.0,0.1301482701812191,-0.08716323296354993,0.20987654320987653,1
27.112011696508304,88.72330784502732,2387.090087890625,31.909182846117652,162.87993592157375,196.0,172.0,260.0,178.0,0.2037037037037037,-0.14035087719298245,0.1872146118721461,0
27.500731481282582,88.7174733263776,3379.85205078125,28.977582187551015,255.49773404433276,237.0,218.0,262.0,175.0,0.09166666666666666,-0.050100200400801605,0.19908466819221968,0
27.207144999778606,88.26520925569567,759.1239624023438,4.3019209942279035,67.01400022991072,319.0,294.0,374.0,277.0,0.11976047904191617,-0.07936507936507936,0.1490015360983103,0
27.41146881495292,88.2028887949881,2234.84619140625,38.81096914309607,185.781389038814,331.0,306.0,379.0,232.0,0.10656934306569343,-0.0676056338028169,0.24058919803600654,0
27.109719392698413,88.63089243954623,1679.0086669921875,27.089610312737264,293.206006347587,208.0,172.0,235.0,166.0,0.1547911547911548,-0.060948081264108354,0.17206982543640897,0
27.33068613229953,88.62716543325463,1357.623291015625,17.8312122353924,166.38471636737393,224.0,192.0,301.0,221.0,0.2210953346855984,-0.14666666666666667,0.1532567049808429,0
27.223399681721485,88.31194923920572,629.98193359375,39.81079326165733,227.77049741651598,433.0,413.0,503.0,334.0,0.0982532751091703,-0.07478632478632478,0.2019115890083632,0
27.26736347503984,88.15764280232793,1166.8499755859375,40.93179445252862,221.748946806568,293.0,270.0,330.0,215.0,0.1,-0.0593900481540931,0.21100917431192662,1
27.13614817073906,88.72908359276579,2908.58447265625,15.082622978608356,317.14974146328944,450.0,429.0,504.0,347.0,0.08038585209003216,-0.05660377358490566,0.1844888366627497,0
27.11567215138852,88.22247578707518,591.04638671875,36.45151254203857,57.57841057979306,148.0,119.0,205.0,129.0,0.2654320987654321,-0.16147308781869688,0.2275449101796407,1
27.25433609460556,88.8788245577484,3455.101806640625,49.44443125004454,107.8592733563741,493.0,472.0,556.0,332.0,0.08171206225680934,-0.06005719733079123,0.25225225225225223,0
27.537487795121177,88.30120594896235,4309.6767578125,35.021549289876944,72.78670428124036,308.0,294.0,368.0,245.0,0.11178247734138973,-0.08875739644970414,0.200652528548124,0
27.50879553212389,88.69944608316712,3436.9521484375,25.396431115825127,305.9057728183051,466.0,447.0,535.0,278.0,0.08961303462321792,-0.06893106893106893,0.3161131611316113,0
27.118866675196834,88.21468020585792,568.1425170898438,52.916740642414624,92.5953836075862,183.0,154.0,303.0,191.0,0.32603938730853393,-0.24691358024691357,0.22672064777327935,1
27.086263915489873,88.2220291446933,573.0753173828125,34.13439846385105,138.74595082830217,177.0,151.0,242.0,161.0,0.23155216284987276,-0.15513126491646778,0.20099255583126552,1
27.3817451416941,88.81378454440076,4053.86328125,37.83709452358859,224.8144426079118,364.0,347.0,423.0,297.0,0.0987012987012987,-0.07496823379923762,0.175,0
27.189984825637396,88.63911737556244,840.9163208007812,40.68860775406021,291.13145075121173,391.0,363.0,461.0,308.0,0.11893203883495146,-0.08215962441314555,0.19895968790637192,1
27.19520277873968,88.58364056206833,731.6415405273438,27.135537266679318,172.15213868704166,490.0,464.0,543.0,307.0,0.07845084409136048,-0.051306873184898356,0.2776470588235294,0
27.099923292060865,88.1066423128781,1347.794189453125,33.89094816898626,72.7144839830512,168.0,139.0,247.0,151.0,0.27979274611398963,-0.19036144578313252,0.24120603015075376,0
27.438038968519347,88.53408372702025,-32768.0,0.0,0.0,400.0,382.0,450.0,279.0,0.08173076923076923,-0.058823529411764705,0.2345679012345679,0
27.408864101826392,88.69777161992351,3092.30126953125,38.38424457424729,206.29963459810895,486.0,460.0,541.0,331.0,0.08091908091908091,-0.053554040895813046,0.2408256880733945,0
27.164950355517682,88.1343832448282,2421.54541015625,37.68350626194698,92.85912843963723,455.0,434.0,509.0,305.0,0.07953340402969247,-0.056016597510373446,0.25061425061425063,0
27.391651476001798,88.33284028494073,1508.2093505859375,46.66071570893355,132.77241601336198,337.0,315.0,396.0,281.0,0.11392405063291139,-0.08049113233287858,0.16986706056129985,1
27.133871177622233,88.49553127465765,418.00543212890625,40.76635690226512,142.17977311827894,137.0,104.0,230.0,137.0,0.3772455089820359,-0.25340599455040874,0.25340599455040874,1
27.131597457623577,88.33262204607793,863.6041259765625,39.792471919487895,263.6072258247618,301.0,276.0,362.0,253.0,0.13479623824451412,-0.09200603318250378,0.1772357723577236,1
27.26421792962972,88.47225156928427,1068.1817626953125,23.319852903864035,165.68233025628388,438.0,409.0,491.0,345.0,0.09111111111111111,-0.05705059203444564,0.17464114832535885,0
27.42998806544082,88.49477997860038,1413.77587890625,20.208734746310114,44.07451461695598,313.0,290.0,360.0,257.0,0.1076923076923077,-0.06983655274888559,0.16693679092382496,0
27.329128195732736,88.43241691590939,1380.901611328125,54.07326998591706,140.37775950794958,491.0,466.0,544.0,349.0,0.07722772277227723,-0.051207729468599035,0.21836506159014557,1
27.54351911758796,88.851062945824,3500.787353515625,30.36091562021916,222.68899553820805,102.0,81.0,195.0,140.0,0.41304347826086957,-0.31313131313131315,0.16417910447761194,0
27.095012416318042,88.49029512630072,932.09716796875,29.068218135428452,284.68549049366015,225.0,195.0,284.0,227.0,0.18580375782881003,-0.11591355599214145,0.11154598825831702,0
27.316623898124476,88.72761438160796,1885.29541015625,43.66950351033734,241.69818987631172,362.0,338.0,416.0,297.0,0.10344827586206896,-0.06940874035989718,0.16690042075736325,1
27.25294233902907,88.1094614729056,1980.7064208984375,21.52001242221318,45.395595395831094,363.0,352.0,410.0,253.0,0.07611548556430446,-0.06080206985769728,0.2368024132730015,0
27.412659535412516,88.19417733741747,1985.0494384765625,37.55417647221097,213.59317008836874,270.0,253.0,313.0,193.0,0.10600706713780919,-0.07375643224699828,0.23715415019762845,1
27.309532220907126,88.3403944775557,1477.3101806640625,51.21216042633265,353.7160170471657,318.0,301.0,374.0,272.0,0.10814814814814815,-0.08092485549132948,0.15789473684210525,0
27.49220949219291,88.67004986320656,3541.916259765625,28.425835935651723,319.22490377199074,246.0,223.0,273.0,157.0,0.10080645161290322,-0.05202312138728324,0.26976744186046514,0
27.12028862595625,88.79144803133754,1566.5562744140625,29.97238443955325,128.67014108326907,501.0,481.0,539.0,327.0,0.056862745098039215,-0.03653846153846154,0.24480369515011546,0
27.159865603735426,88.87789715018476,1545.204345703125,41.09381376598544,309.8543269581036,509.0,485.0,559.0,367.0,0.07088122605363985,-0.04681647940074907,0.20734341252699784,0
27.474698183515798,88.46941738115348,1898.15966796875,25.891993094222045,33.47223775973879,442.0,414.0,490.0,292.0,0.084070796460177,-0.05150214592274678,0.2531969309462916,0
27.13175794123951,88.34612470005028,968.4520874023438,27.625638637467336,101.54672769009079,265.0,239.0,329.0,228.0,0.15845070422535212,-0.10774410774410774,0.1813285457809695,0
27.446799586812606,88.23842456543846,3478.574462890625,27.099844924340182,252.5234446445191,366.0,344.0,411.0,228.0,0.08874172185430464,-0.05791505791505792,0.2863849765258216,0
27.358254910492832,88.37078761276706,2175.7734375,25.00941720766491,335.8244144707859,543.0,525.0,598.0,290.0,0.06500445235975066,-0.04820333041191937,0.34684684684684686,0
27.37232838826875,88.17718385719525,2401.14697265625,49.15564732341568,180.43489154036305,388.0,368.0,435.0,268.0,0.08343711083437111,-0.05710814094775213,0.2375533428165007,0
27.446164380462765,88.83416045624526,4106.77197265625,25.389542699808654,327.4010376566157,124.0,94.0,209.0,157.0,0.3795379537953795,-0.2552552552552553,0.14207650273224043,0
27.53270106193872,88.71249988847747,3077.437744140625,42.03694425256552,254.9450772798328,372.0,350.0,415.0,280.0,0.08496732026143791,-0.054637865311308764,0.19424460431654678,0
27.40133701318206,88.35506052061355,1505.0093994140625,34.595187323395876,338.0231380464079,304.0,281.0,358.0,237.0,0.12050078247261346,-0.08157099697885196,0.20336134453781513,0
27.27923547744382,88.85442487962969,3639.108154296875,20.077236220954735,293.02202068029305,458.0,431.0,531.0,361.0,0.10395010395010396,-0.07381193124368049,0.1905829596412556,0
27.23529937574881,88.44046431429625,848.426513671875,51.2882610234744,129.06322867259576,331.0,312.0,374.0,262.0,0.09037900874635568,-0.06099290780141844,0.1761006289308176,1
27.402307146678996,88.45128196761398,2289.83447265625,18.620487776813913,156.32085271180392,475.0,451.0,507.0,247.0,0.05845511482254697,-0.032586558044806514,0.3448275862068966,0
27.518727583983424,88.58217217024183,-32768.0,0.0,0.0,373.0,357.0,429.0,281.0,0.0916030534351145,-0.06982543640897755,0.2084507042253521,0
27.301065673140204,88.69651686468863,2602.353759765625,9.374654366661064,294.89984544469087,464.0,440.0,515.0,338.0,0.07853403141361257,-0.05209397344228805,0.20750293083235638,0
27.2954073265632,88.461233466941,1276.5640869140625,31.44265835261787,281.6099766905277,326.0,297.0,375.0,278.0,0.11607142857142858,-0.06990014265335236,0.14854517611026033,0
27.12178644896602,88.40231852563362,1299.377685546875,39.039518529997096,271.14267252708635,355.0,332.0,401.0,297.0,0.0941336971350614,-0.06084656084656084,0.1489971346704871,0
27.34191256365118,88.27733139777061,1469.2373046875,27.60156114796383,282.9319777466054,301.0,281.0,359.0,246.0,0.121875,-0.08787878787878788,0.18677685950413223,0
27.265647934571575,88.15268122490052,1181.6268310546875,50.36303314479851,194.53160630334438,295.0,264.0,361.0,234.0,0.1552,-0.10060975609756098,0.2134453781512605,1
27.39203733515344,88.63531153030621,1454.06298828125,29.20981269802819,170.39016555994556,424.0,402.0,472.0,315.0,0.08009153318077804,-0.05357142857142857,0.19949174078780177,1
27.47015371605472,88.73930607284186,3929.22802734375,20.879832130052606,46.520697806958935,410.0,399.0,459.0,288.0,0.06993006993006994,-0.05638665132336018,0.2289156626506024,0
27.403435932171355,88.22695057175073,2448.677734375,26.87254103840551,177.52806455784025,374.0,349.0,413.0,244.0,0.08398950131233596,-0.04955527318932656,0.2572298325722983,0
27.274296822846175,88.6235993164504,1187.7716064453125,12.62528631669992,244.58187274841254,387.0,372.0,457.0,322.0,0.10253317249698432,-0.08293838862559241,0.17329910141206675,0
27.212345652428354,88.12329968660352,2775.436279296875,21.24357397797706,8.338863451368638,347.0,322.0,396.0,236.0,0.10306406685236769,-0.06594885598923284,0.25316455696202533,0
27.235441327367408,88.62103785690854,1296.95263671875,27.876201945417343,292.7753140722603,308.0,276.0,356.0,263.0,0.12658227848101267,-0.07228915662650602,0.15024232633279483,0
27.339800459253688,88.3765186075517,2861.777587890625,30.128102995518542,285.7610070028466,479.0,455.0,522.0,295.0,0.06857727737973388,-0.04295704295704296,0.2778457772337821,0
27.507378784651547,88.23742147210363,4988.59814453125,27.28643387807967,217.8009406396605,423.0,414.0,476.0,265.0,0.0696629213483146,-0.058954393770856504,0.28475033738191635,0
27.401901429778448,88.67286650633298,2252.066650390625,37.8112121983484,163.34485078990053,322.0,292.0,368.0,246.0,0.11515151515151516,-0.06666666666666667,0.1986970684039088,1
27.284327039848634,88.7436760144503,1742.7222900390625,42.54409797294708,189.56855325733318,434.0,405.0,494.0,300.0,0.09899888765294772,-0.06465517241379311,0.24433249370277077,1
27.3274304794175,88.67993731081783,2345.534912109375,34.22482955253982,319.7232126587267,465.0,444.0,517.0,296.0,0.07596253902185224,-0.05295315682281059,0.27183271832718325,0
27.267408317234175,88.75496097970675,2660.146484375,30.199480019166394,19.03294343361307,533.0,509.0,582.0,332.0,0.06691109074243813,-0.04394618834080718,0.2735229759299781,0
27.26557028704361,88.81988966850017,2673.10986328125,36.26037907409366,116.88846290448419,501.0,476.0,551.0,327.0,0.0730282375851996,-0.04752851711026616,0.255125284738041,1
27.139745411453074,88.82350899771468,1717.0899658203125,23.531025102942678,213.13402063011145,492.0,463.0,525.0,338.0,0.06275303643724696,-0.032448377581120944,0.21668597914252608,0
27.128087409628325,88.31140448229654,441.00439453125,44.65528318431728,126.39728410677054,188.0,154.0,272.0,179.0,0.27699530516431925,-0.1826086956521739,0.20620842572062084,1
27.482867546957433,88.08024248647013,4281.4072265625,33.62741912214613,62.72979305502611,345.0,331.0,398.0,276.0,0.09190672153635117,-0.07133243606998654,0.18100890207715134,0
27.22993202499277,88.62336348421697,1254.3604736328125,51.745740332751794,174.18371167694886,330.0,303.0,384.0,283.0,0.11790393013100436,-0.07563025210084033,0.15142428785607195,0
27.488863784376765,88.15862766412994,4112.431640625,9.315874761541398,175.39740995393004,351.0,333.0,391.0,230.0,0.08011049723756906,-0.05390835579514825,0.25925925925925924,0
27.42297970847515,88.51541257075327,-32768.0,0.0,0.0,236.0,212.0,284.0,205.0,0.14516129032258066,-0.09230769230769231,0.16155419222903886,0
27.283743180944885,88.74337881112166,1691.74755859375,35.45474804301565,199.48477459132658,457.0,426.0,509.0,316.0,0.08877005347593583,-0.053830227743271224,0.23393939393939395,1
27.260224268912445,88.5503781643649,638.9522094726562,27.56157582710096,131.58037152097222,346.0,318.0,399.0,286.0,0.11297071129707113,-0.07114093959731543,0.16496350364963502,1
27.387589663024606,88.3401663236942,1519.9869384765625,38.67384251158151,168.93774148589864,288.0,263.0,361.0,264.0,0.15705128205128205,-0.11248073959938366,0.1552,1
27.09148519133217,88.60515400511035,1430.735595703125,18.07998043582938,201.44857531751703,438.0,417.0,483.0,327.0,0.07333333333333333,-0.048859934853420196,0.1925925925925926,0
27.482302500245513,88.41106297792437,3219.898193359375,30.44215500865981,90.45992702394358,387.0,361.0,421.0,206.0,0.07672634271099744,-0.04207920792079208,0.34290271132376393,0
27.301615136340562,88.75896144603438,2971.1650390625,40.6080266051678,224.2301866675981,459.0,431.0,507.0,308.0,0.08102345415778252,-0.049689440993788817,0.2441717791411043,0
27.10852422625866,88.69290063673469,1698.7593994140625,15.504469640617819,195.91265532263486,398.0,369.0,439.0,308.0,0.08663366336633663,-0.04898446833930705,0.1753681392235609,0
27.184653469759787,88.41359250600128,1566.107421875,24.29113167846593,69.61035580465466,390.0,371.0,434.0,294.0,0.0782608695652174,-0.05339805825242718,0.19230769230769232,0
27.46727639445885,88.46142649916219,2314.926513671875,37.96951617078379,336.72216598642,550.0,529.0,593.0,345.0,0.0570409982174688,-0.03762029746281715,0.26439232409381663,0
27.182250897780193,88.3037716536553,596.505859375,48.04814870405878,117.83033963792332,157.0,116.0,345.0,191.0,0.4967462039045553,-0.3745019920318725,0.2873134328358209,1
27.260622040468135,88.28879954345149,909.2965698242188,38.60116327756445,53.444935047007334,369.0,349.0,419.0,291.0,0.09114583333333333,-0.06345177664974619,0.18028169014084508,0
27.210992951441575,88.47437559779844,846.59521484375,18.277108846239525,48.26731152574058,358.0,333.0,420.0,311.0,0.11553784860557768,-0.07969151670951156,0.1491108071135431,0
27.271364837214662,88.42598833086313,557.7354125976562,28.199032440997986,179.9364033189545,262.0,238.0,322.0,231.0,0.15,-0.10273972602739725,0.16455696202531644,0
27.397076496722672,88.16462281456003,2930.3681640625,48.47095599620065,189.15718122364314,369.0,337.0,408.0,251.0,0.0953020134228188,-0.05019305019305019,0.23823975720789076,0
27.521619269250728,88.37087923077861,4062.59228515625,35.90432890262046,162.72746160942654,405.0,377.0,466.0,284.0,0.1055753262158956,-0.07003444316877153,0.24266666666666667,0
27.198015748659202,88.55378602608047,504.6172790527344,28.72133739771785,131.90942235440014,430.0,405.0,477.0,313.0,0.08163265306122448,-0.05181918412348401,0.20759493670886076,1
27.3657923195559,88.34285066121201,1591.2620849609375,29.34504066920805,283.6263110404385,239.0,218.0,290.0,206.0,0.14173228346456693,-0.09640831758034027,0.1693548387096774,0
27.4000447204147,88.75524508437918,3999.419677734375,37.57186809480691,125.54087409406259,359.0,332.0,406.0,220.0,0.1002710027100271,-0.06143790849673202,0.2971246006389776,0
27.184692854834488,88.08919499998099,2714.0888671875,5.117482050992377,187.9068776531695,392.0,370.0,437.0,262.0,0.08302354399008674,-0.054282267792521106,0.2503576537911302,0
27.133272783028556,88.6130026134816,1161.3233642578125,24.676653663816875,93.84198105154724,184.0,146.0,320.0,194.0,0.37339055793991416,-0.2698412698412698,0.245136186770428,0
27.178235551004615,88.10395444783823,2508.18798828125,20.737366986584156,259.92620109703205,401.0,381.0,450.0,270.0,0.08303249097472924,-0.057579318448883664,0.25,0
27.253657740708885,88.79306898731897,3033.7275390625,38.99038692187011,244.53239291701178,507.0,480.0,556.0,310.0,0.07335907335907337,-0.04609595484477893,0.2840646651270208,0
27.389692185941616,88.61214094451701,-32768.0,0.0,0.0,443.0,425.0,496.0,334.0,0.07709011943539631,-0.05644302449414271,0.19518072289156627,0
27.319146057149442,88.62396278441928,1094.8145751953125,28.44818675493249,313.9767477870248,338.0,317.0,392.0,291.0,0.10578279266572638,-0.07397260273972603,0.1478770131771596,0
27.28764140026391,88.26998849980151,970.9614868164062,28.313267401580816,133.61400286734687,306.0,285.0,379.0,266.0,0.14156626506024098,-0.10656934306569343,0.17519379844961241,0
27.18863547519718,88.37033876008458,1479.5107421875,34.66327680894064,352.8541388964712,259.0,240.0,317.0,229.0,0.13824057450628366,-0.10069444444444445,0.16117216117216118,0
27.358887621487316,88.72425246895158,3289.86767578125,31.743285487137804,225.96513596815944,517.0,490.0,575.0,354.0,0.07981220657276995,-0.05311355311355311,0.2378902045209903,0
27.423486199807183,88.12160308228808,4071.82861328125,34.46866966132549,172.05130198586164,388.0,365.0,434.0,256.0,0.08635794743429287,-0.05596107055961071,0.2579710144927536,0
27.503061927043106,88.10726994266986,4522.22802734375,42.41527565429231,50.39437848409318,359.0,350.0,414.0,293.0,0.08376963350785341,-0.07115135834411385,0.17114568599717114,0
27.296763124838293,88.80547619760365,3461.319091796875,29.046423865709215,303.5316070510604,398.0,375.0,473.0,321.0,0.11556603773584906,-0.08610792192881746,0.19143576826196473,0
27.20718701139356,88.58707135043944,1443.4755859375,19.840461859992025,273.73811340324835,441.0,417.0,487.0,295.0,0.07743362831858407,-0.04956896551724138,0.24552429667519182,0
27.11632559220058,88.27138649772242,343.0954895019531,43.8425136489615,165.72415354206453,184.0,155.0,276.0,185.0,0.28074245939675174,-0.2,0.19739696312364424,1
27.359965610759655,88.38627397112849,2240.1455078125,28.02752032055073,305.3000771025347,434.0,412.0,478.0,274.0,0.07415730337078652,-0.04824561403508772,0.2712765957446808,0
27.353151239543607,88.66003425695408,1542.679931640625,43.865841754727,146.87174927962997,286.0,269.0,336.0,229.0,0.11074380165289256,-0.08038585209003216,0.18938053097345134,1
27.177366269154522,88.2066262253139,1500.6632080078125,15.876140857637568,355.560526403441,313.0,293.0,366.0,250.0,0.11077389984825493,-0.0780559646539028,0.18831168831168832,0
27.09574947821188,88.64762320650289,2236.59423828125,17.483743299287724,257.0899304332944,486.0,461.0,541.0,345.0,0.07984031936127745,-0.053554040895813046,0.22121896162528218,0
27.33371334282829,88.88424206381994,4221.60546875,16.601307808346405,15.454677602039567,479.0,465.0,567.0,337.0,0.09883720930232558,-0.0841300191204589,0.25442477876106195,0
27.405200558105367,88.73367729614016,4030.46875,37.90652588543774,356.8356961552567,462.0,445.0,511.0,335.0,0.06903765690376569,-0.050359712230215826,0.20803782505910165,0
27.143219206010592,88.54552261115255,610.5760498046875,44.2176001942224,167.45841873105974,480.0,454.0,533.0,305.0,0.0800405268490375,-0.05231984205330701,0.2720763723150358,0
27.40837742759494,88.17849906045849,-32768.0,0.0,0.0,336.0,316.0,373.0,221.0,0.08272859216255443,-0.05218617771509168,0.2558922558922559,0
27.3692211715001,88.2765166430579,1942.1239013671875,27.609003710362188,207.36079426679373,479.0,467.0,533.0,294.0,0.066,-0.0533596837944664,0.2889963724304716,1
27.218605529840495,88.59907814952324,1108.28466796875,13.490309229786492,58.74832482582991,307.0,276.0,365.0,255.0,0.13884555382215288,-0.08630952380952381,0.1774193548387097,0
27.143876592386565,88.2914313852841,549.8389892578125,30.61783995616741,280.4413606997981,162.0,126.0,268.0,168.0,0.3604060913705584,-0.24651162790697675,0.22935779816513763,0
27.452940294998726,88.20699036518343,-32768.0,0.0,0.0,392.0,379.0,430.0,227.0,0.0630407911001236,-0.046228710462287104,0.3089802130898021,0
27.256024168040877,88.39262880253631,1694.2779541015625,16.370424686253994,84.09501553724903,377.0,356.0,426.0,296.0,0.08951406649616368,-0.06102117061021171,0.18005540166204986,0
27.169116024823612,88.78518089831879,2295.859130859375,30.40460415782804,256.444028108431,417.0,396.0,468.0,306.0,0.08333333333333333,-0.0576271186440678,0.20930232558139536,0
27.164281959081407,88.55023941459216,573.7122802734375,9.929292864667334,264.73546727385315,166.0,122.0,284.0,172.0,0.39901477832512317,-0.26222222222222225,0.24561403508771928,0
27.506181228290266,88.42077781565003,2464.259033203125,39.21794288438805,48.31916031586792,486.0,465.0,535.0,289.0,0.07,-0.047992164544564155,0.29854368932038833,0
27.52637825940424,88.72516105227402,3426.740478515625,41.473579707139535,172.46571736001783,314.0,296.0,368.0,241.0,0.10843373493975904,-0.07917888563049853,0.20853858784893267,0
27.27227907491336,88.26763553485642,537.9935913085938,20.53529649636717,165.33606402432724,263.0,234.0,351.0,243.0,0.2,-0.14332247557003258,0.18181818181818182,0
27.28340919192172,88.48189150537323,2060.740478515625,30.168382643830686,267.9021930005861,404.0,384.0,453.0,321.0,0.08243727598566308,-0.057176196032672114,0.17054263565891473,0
27.529845757113968,88.84866529592318,3841.886962890625,33.74856420962051,9.41625535832884,85.0,57.0,245.0,117.0,0.6225165562913907,-0.48484848484848486,0.35359116022099446,0
27.268145591583913,88.62720543924121,1420.9205322265625,25.989295416128485,285.2824155416631,452.0,428.0,500.0,345.0,0.07758620689655173,-0.05042016806722689,0.1834319526627219,0
27.515313909049393,88.83621288250366,4171.4658203125,33.67325376996933,166.29755397771487,211.0,200.0,300.0,230.0,0.2,-0.17416829745596868,0.1320754716981132,0
27.29901472226686,88.18305115218345,1638.8565673828125,25.96093068476883,309.06637292138356,392.0,375.0,439.0,231.0,0.07862407862407862,-0.056558363417569195,0.31044776119402984,0
27.2130021897602,88.76302644999707,2150.160888671875,23.736664425607305,221.2071733264858,471.0,449.0,511.0,296.0,0.06458333333333334,-0.04073319755600815,0.2664188351920694,0
27.33812085789905,88.67265073848145,1704.8995361328125,28.88484943910757,212.74070084913782,386.0,364.0,430.0,275.0,0.08312342569269521,-0.05392156862745098,0.2198581560283688,1
27.12097759187999,88.43801841374197,960.5590209960938,7.351406055953167,25.076391108677456,287.0,263.0,358.0,260.0,0.1529790660225443,-0.11007751937984496,0.15857605177993528,0
27.333509161676904,88.49035022734918,824.2518310546875,12.801734376712682,244.67538630617275,377.0,354.0,424.0,269.0,0.08997429305912596,-0.05867665418227216,0.22366522366522368,0
27.359689611846115,88.69763880256352,2570.17138671875,32.68192169762707,239.66612624748177,340.0,317.0,382.0,247.0,0.09298998569384835,-0.05817174515235457,0.21462639109697934,0
27.31851887291485,88.81243059407277,3636.2744140625,21.70712806101248,161.590427627262,439.0,416.0,497.0,248.0,0.0887185104052574,-0.06196581196581197,0.33422818791946307,0
27.176503756805023,88.73350969106222,1773.5655517578125,28.303613128402144,333.97364048411265,453.0,433.0,524.0,345.0,0.09508881922675026,-0.07267144319344933,0.20598388952819333,0
27.30215235079208,88.62755868695889,1616.6312255859375,23.68668903674022,351.4297977712018,299.0,273.0,356.0,258.0,0.13195548489666137,-0.08702290076335878,0.15960912052117263,0
27.484311204891565,88.48638869328776,1236.259033203125,35.69474728147131,291.346593926726,414.0,392.0,454.0,294.0,0.07328605200945626,-0.04608294930875576,0.21390374331550802,0
27.287578975088085,88.40196715232928,1521.165771484375,37.08239800630189,260.6290037415432,333.0,308.0,398.0,288.0,0.1274787535410765,-0.08891928864569083,0.16034985422740525,0
27.44675345411522,88.5202241041232,-32768.0,0.0,0.0,313.0,288.0,374.0,258.0,0.1299093655589124,-0.08879184861717612,0.18354430379746836,0
27.447762723258705,88.10595641065049,4029.0712890625,33.53747583233247,309.78181701935614,290.0,280.0,338.0,227.0,0.09385113268608414,-0.07643312101910828,0.19646017699115045,0
27.35989884456325,88.5809281987183,-32768.0,0.0,0.0,663.0,647.0,736.0,367.0,0.064352856109906,-0.05218012866333095,0.3345421577515866,0
27.102761786975684,88.11081953236703,1347.8880615234375,30.663499846202793,186.18698043382437,208.0,182.0,288.0,190.0,0.225531914893617,-0.16129032258064516,0.20502092050209206,0
27.227490386070794,88.08856017035862,2865.228759765625,22.840505350703378,323.89892007191474,409.0,385.0,440.0,239.0,0.06666666666666667,-0.03651354534746761,0.2960235640648012,0
27.08685384399703,88.29291321107016,1008.4110107421875,33.71486582987783,351.21765787081097,363.0,345.0,426.0,291.0,0.10505836575875487,-0.07984790874524715,0.18828451882845187,0
27.323396266679996,88.2263191726116,1133.122314453125,15.173095200219155,323.3319005564565,372.0,350.0,423.0,270.0,0.0944372574385511,-0.06415094339622641,0.22077922077922077,0
27.268178571377543,88.58521973603257,820.595947265625,8.406010210689052,65.91588310096938,293.0,268.0,352.0,273.0,0.13548387096774195,-0.09147286821705426,0.1264,0
27.3514625281167,88.27223300093942,1508.076171875,36.0421873899231,175.7862154255729,386.0,370.0,438.0,269.0,0.08415841584158416,-0.06310679611650485,0.23903818953323905,1
27.350240821419277,88.79793066541069,3884.882568359375,21.892944177848626,136.62358184378354,508.0,486.0,569.0,335.0,0.07867298578199051,-0.056638811513463325,0.2588495575221239,0
27.26875106131202,88.75281162443682,2649.603515625,28.40908684605782,47.45324754597203,537.0,519.0,593.0,323.0,0.06654676258992806,-0.049557522123893805,0.29475982532751094,0
27.44595477305635,88.48883481410499,1595.07421875,58.21748741301619,153.9390068045052,406.0,382.0,446.0,255.0,0.07729468599033816,-0.046948356807511735,0.2724679029957204,1
27.459532662354285,88.43140675200397,2834.54296875,29.554875787100038,345.9038375878798,466.0,443.0,511.0,237.0,0.07127882599580712,-0.04605936540429888,0.3663101604278075,0
27.14544451786422,88.20077245386622,784.2054443359375,47.51745617196618,157.89336479384224,149.0,115.0,273.0,151.0,0.4072164948453608,-0.2938388625592417,0.28773584905660377,1
27.30822910468785,88.79666940912665,3632.1572265625,15.931505132872667,358.9869127008575,363.0,335.0,408.0,238.0,0.09825033647375504,-0.058365758754863814,0.2631578947368421,0
27.304228243397706,88.3410113174557,1400.28662109375,54.69532968079268,199.12942314239663,293.0,271.0,352.0,247.0,0.13001605136436598,-0.09147286821705426,0.17529215358931552,1
27.402615059846966,88.30322967374212,1643.689208984375,38.750402115663405,347.32672483489483,394.0,371.0,455.0,299.0,0.1016949152542373,-0.071849234393404,0.20689655172413793,0
27.501596120979173,88.57872559126292,-32768.0,0.0,0.0,345.0,324.0,393.0,247.0,0.09623430962343096,-0.06504065040650407,0.228125,0
27.196387824422906,88.1290536594016,2372.472900390625,27.632210865995418,136.72842829090723,454.0,436.0,505.0,295.0,0.07332624867162593,-0.053180396246089674,0.2625,0
27.41938934692956,88.44063734338619,2670.472900390625,17.673353727291033,63.97267606986037,366.0,339.0,394.0,244.0,0.07503410641200546,-0.03684210526315789,0.23510971786833856,0
27.27218548898286,88.62456026513131,1204.5709228515625,23.16249741382758,311.58632895925336,405.0,388.0,456.0,315.0,0.08056872037914692,-0.059233449477351915,0.1828793774319066,0
27.28912920562425,88.14056409444825,2670.418701171875,35.345912343457215,239.08246842821953,364.0,339.0,402.0,239.0,0.08502024291497975,-0.04960835509138381,0.2542901716068643,0
27.26528165982095,88.66717365534049,1967.026123046875,31.072211689535106,160.17861061580243,411.0,390.0,466.0,308.0,0.08878504672897196,-0.06271379703534778,0.2041343669250646,1
27.195322433020248,88.87869889082013,1695.723388671875,28.808288772132173,51.954625063419826,453.0,433.0,494.0,337.0,0.06580366774541532,-0.04329461457233368,0.18892900120336945,0
27.308551747018953,88.30219299674286,1221.52880859375,27.876663428034085,106.89281462962055,427.0,397.0,492.0,333.0,0.10686164229471316,-0.07072905331882481,0.19272727272727272,0
27.436536812564782,88.70350126637936,3093.755859375,38.283761091668815,327.47634663503794,460.0,446.0,517.0,287.0,0.07372793354101766,-0.05834186284544524,0.2860696517412935,0
27.485560696850804,88.19193010715783,3772.031982421875,26.564587587579474,308.9362575790009,326.0,300.0,358.0,219.0,0.08814589665653495,-0.04678362573099415,0.24090121317157712,0
27.412657544229017,88.55411250735368,-32768.0,0.0,0.0,485.0,466.0,540.0,257.0,0.073558648111332,-0.05365853658536585,0.35508155583437895,0
27.09359317700229,88.4414950786183,609.166748046875,23.923952223892808,213.9937575144953,211.0,182.0,306.0,238.0,0.2540983606557377,-0.18375241779497098,0.125,0
27.117728979358983,88.18565273531281,1300.5013427734375,26.31675716425366,321.61353798958464,339.0,320.0,393.0,252.0,0.10238429172510519,-0.07377049180327869,0.2186046511627907,0
27.503729981978903,88.14888134334703,4297.43505859375,28.640247075950896,275.0767640719102,407.0,397.0,452.0,255.0,0.06478209658421673,-0.05238649592549476,0.27864214992927866,0
27.353403694809842,88.85608992425013,4112.5732421875,37.25412229738072,132.7274528657615,280.0,250.0,318.0,195.0,0.11971830985915492,-0.06354515050167224,0.23976608187134502,1
27.299602917483544,88.34521079737209,1621.49169921875,19.270817475869872,290.5438201652303,341.0,316.0,399.0,299.0,0.11608391608391608,-0.07837837837837838,0.14326647564469913,0
27.441267795325523,88.39161971098716,2718.601318359375,36.05610766674654,249.15713698682055,397.0,369.0,454.0,263.0,0.10328068043742406,-0.06698002350176263,0.26638772663877264,0
27.51853130923209,88.4651408425557,2258.973388671875,30.61577866049466,128.76391681905767,392.0,365.0,422.0,213.0,0.0724269377382465,-0.036855036855036855,0.3291338582677165,0
27.16533725809041,88.28371564517565,760.8656005859375,28.417687862684797,123.75457016384121,184.0,152.0,293.0,191.0,0.31685393258426964,-0.22851153039832284,0.21074380165289255,0
27.17383429584619,88.70252168730305,2271.716796875,34.65550035263225,31.247451919203115,347.0,323.0,402.0,273.0,0.10896551724137932,-0.07343124165554073,0.19111111111111112,0
27.39513164642684,88.55199751190185,-32768.0,0.0,0.0,381.0,360.0,433.0,227.0,0.09205548549810845,-0.06388206388206388,0.31212121212121213,1
27.14428725548695,88.19600225988162,744.2868041992188,33.96054158249907,195.11322068033962,148.0,118.0,231.0,151.0,0.3237822349570201,-0.21899736147757257,0.2094240837696335,1
27.522457222388738,88.13545140959357,3995.49658203125,17.763073728920958,83.00480833512745,251.0,226.0,293.0,200.0,0.12909441233140656,-0.07720588235294118,0.18864097363083165,0
27.377418668336514,88.60524358556589,-32768.0,0.0,0.0,346.0,322.0,389.0,270.0,0.09423347398030943,-0.058503401360544216,0.18057663125948406,0
27.469837154898762,88.12515247648582,3773.293212890625,28.548786979169098,212.7849739334283,238.0,209.0,316.0,209.0,0.2038095238095238,-0.1407942238267148,0.2038095238095238,0
27.500254236738883,88.75726055827177,4190.0234375,39.93901629632416,188.44465809702186,332.0,300.0,374.0,277.0,0.10979228486646884,-0.059490084985835696,0.1490015360983103,0
27.327615275070357,88.5604904298772,1248.279296875,15.960625543940841,76.22190970805457,500.0,477.0,545.0,302.0,0.06653620352250489,-0.0430622009569378,0.28689492325855964,0
27.383068801716497,88.85102364012373,4258.10791015625,10.916452839191539,286.0163455827737,258.0,239.0,298.0,192.0,0.10986964618249534,-0.07194244604316546,0.2163265306122449,0
27.425888392463392,88.13071666186512,4013.806396484375,46.56819004856187,119.82763651550874,314.0,300.0,367.0,218.0,0.10044977511244378,-0.07782672540381791,0.2547008547008547,0
27.38106279430575,88.32119901768968,1312.4820556640625,48.39485980623139,55.43279092881579,336.0,313.0,404.0,287.0,0.12691771269177127,-0.0918918918918919,0.16931982633863965,0
27.38977663260612,88.66673597154961,2244.397216796875,19.93829272113686,261.5096147129154,320.0,299.0,365.0,194.0,0.09939759036144578,-0.06569343065693431,0.30590339892665475,1
27.411133741431783,88.17944955927202,2828.599365234375,32.1663579434202,81.35015699241774,319.0,296.0,356.0,214.0,0.09202453987730061,-0.054814814814814816,0.24912280701754386,0
27.258403867122748,88.50906065626468,1273.3974609375,17.130793833900842,3.6275590208850303,396.0,373.0,451.0,335.0,0.09466019417475728,-0.06493506493506493,0.1475826972010178,0
27.092722793184887,88.82096357213163,1727.4488525390625,13.566742106377669,61.673850753280306,549.0,532.0,598.0,355.0,0.0584070796460177,-0.042720139494333044,0.25498426023084997,0
27.535969790283723,88.82843358555212,4211.34423828125,28.27675370762112,9.481573579538065,91.0,73.0,162.0,122.0,0.37872340425531914,-0.28063241106719367,0.14084507042253522,0
27.118357861585796,88.77923388957689,1693.3424072265625,20.746289053504032,99.6490069625147,414.0,395.0,453.0,300.0,0.06839622641509434,-0.04498269896193772,0.20318725099601595,0
27.282457526125192,88.73858761987887,1677.0855712890625,48.60493127003355,185.3037336107748,437.0,409.0,492.0,312.0,0.09211986681465038,-0.059203444564047365,0.22388059701492538,1
27.32965370874726,88.2685876155574,809.7076416015625,35.52623392886357,189.17637478667785,440.0,424.0,486.0,311.0,0.06813186813186813,-0.04967602591792657,0.21957340025094102,1
27.217486054457066,88.37628641905872,1548.9661865234375,45.01478518352514,135.7661284491486,292.0,260.0,362.0,262.0,0.1639871382636656,-0.10703363914373089,0.16025641025641027,0
27.29321385374503,88.89397226530001,3453.518798828125,31.724722027701446,239.06903096429787,416.0,396.0,461.0,315.0,0.07584597432905485,-0.05131128848346636,0.18814432989690721,1
27.291860627299556,88.70428722844889,2210.528076171875,48.25891838928839,159.6518516549953,412.0,384.0,454.0,286.0,0.08353221957040573,-0.04849884526558892,0.22702702702702704,1
27.3094005904025,88.72271429638019,1948.076171875,51.31718494018123,142.7328801585703,429.0,402.0,477.0,350.0,0.08532423208191127,-0.052980132450331126,0.15356711003627568,1
27.276173933657414,88.83740611825621,2998.265869140625,56.10835796815535,148.70379139878696,545.0,521.0,603.0,325.0,0.07295373665480427,-0.050522648083623695,0.2995689655172414,0
27.21472987642324,88.37133390376454,1534.0323486328125,64.06558308165764,160.6529758546875,330.0,307.0,391.0,287.0,0.12034383954154727,-0.08460471567267684,0.15339233038348082,1
27.35938478760726,88.41522630136754,3049.53564453125,10.316970818435017,121.11636203385348,501.0,472.0,566.0,326.0,0.0905587668593449,-0.06091846298031865,0.26905829596412556,0
27.53863741012769,88.60141780655692,-32768.0,0.0,0.0,300.0,278.0,360.0,261.0,0.12852664576802508,-0.09090909090909091,0.15942028985507245,0
27.432445423915443,88.33406035045266,2203.213623046875,34.87206842576795,45.576200920734436,400.0,375.0,438.0,261.0,0.07749077490774908,-0.045346062052505964,0.2532188841201717,0
27.28686635389242,88.30753706736938,1167.6741943359375,25.384901962290567,321.45498780773363,278.0,251.0,333.0,241.0,0.1404109589041096,-0.09001636661211129,0.1602787456445993,0
27.52520909169155,88.12992282365724,4266.99658203125,37.414175846045474,70.66329857026341,338.0,318.0,417.0,279.0,0.1346938775510204,-0.10463576158940398,0.19827586206896552,0
27.447680559431696,88.36767096031016,2022.8197021484375,55.140322210465946,104.34372667540208,431.0,406.0,478.0,289.0,0.08144796380090498,-0.0517051705170517,0.24641460234680573,0
27.276160613892,88.24922584769162,914.6126708984375,29.721121259345203,272.22523979728794,329.0,310.0,394.0,264.0,0.11931818181818182,-0.08990318118948824,0.19756838905775076,0
27.168348269629462,88.63327518419038,590.8974609375,33.55174077576499,111.50878776580828,296.0,263.0,332.0,212.0,0.11596638655462185,-0.05732484076433121,0.22058823529411764,0
27.15754721402799,88.526717544812,236.92510986328125,3.1337404540210314,95.0894940192079,460.0,435.0,522.0,315.0,0.09090909090909091,-0.06313645621181263,0.24731182795698925,0
27.27791674250557,88.26464661947648,910.3346557617188,39.39553318042054,149.7770534642014,309.0,288.0,381.0,263.0,0.13901345291479822,-0.10434782608695652,0.18322981366459629,1
27.13896909303213,88.47640291102189,522.4979858398438,35.43466018100323,132.41653110639737,183.0,150.0,280.0,200.0,0.3023255813953488,-0.20950323974082075,0.16666666666666666,1
27.356382005905854,88.30056958273417,1856.54931640625,31.543795024178547,51.372226563805384,385.0,363.0,433.0,260.0,0.08793969849246232,-0.05867970660146699,0.24963924963924963,0
27.33248795275387,88.26633898021673,943.244384765625,34.108548770407566,200.05979866718806,256.0,231.0,324.0,213.0,0.16756756756756758,-0.11724137931034483,0.20670391061452514,0
27.303556903532048,88.73908697509052,2458.48193359375,41.90854519228231,189.8622988348209,483.0,449.0,530.0,354.0,0.08273748723186926,-0.04639684106614018,0.19909502262443438,1
27.537021223628923,88.45728177009809,1435.3455810546875,15.402233546437992,75.34035880590187,423.0,397.0,469.0,279.0,0.08314087759815242,-0.0515695067264574,0.2540106951871658,0
27.350257045260104,88.74788796857898,3119.092529296875,35.54164548905957,176.92942823436397,484.0,461.0,538.0,332.0,0.07707707707707707,-0.05283757338551859,0.2367816091954023,0
27.124186877384204,88.17594118694768,817.3680419921875,21.96284788879413,357.7766456196302,195.0,162.0,284.0,178.0,0.273542600896861,-0.18580375782881003,0.22943722943722944,0
27.11355301001602,88.25410827338118,408.5574951171875,36.33825779680458,128.12386263816722,165.0,127.0,301.0,177.0,0.40654205607476634,-0.2918454935622318,0.2594142259414226,1
27.242580777982322,88.85439630766356,2476.640625,36.980510353214534,221.50518380393007,495.0,468.0,542.0,343.0,0.07326732673267326,-0.04532304725168756,0.2248587570621469,0
27.25145395998019,88.64246110487804,1751.867919921875,46.47983577587131,165.2143788348926,385.0,368.0,432.0,307.0,0.08,-0.05752753977968176,0.16914749661705006,1
27.31258225848757,88.323265926344,893.3718872070312,44.879052542318675,175.95105571351905,354.0,330.0,419.0,295.0,0.11882510013351134,-0.08408796895213454,0.17366946778711484,1
27.31865128006206,88.42759779584992,1071.0235595703125,39.91875307799728,200.14752348093643,444.0,419.0,479.0,269.0,0.066815144766147,-0.03791982665222102,0.2807486631016043,1
27.35589450059128,88.31768792806707,1208.408447265625,31.542645568164478,25.693606894831646,238.0,212.0,291.0,203.0,0.15705765407554673,-0.1001890359168242,0.17813765182186234,0
27.45988233024208,88.43689719553753,2752.674072265625,31.776415774325706,56.380230409731666,492.0,466.0,529.0,266.0,0.06331658291457286,-0.03623898139079334,0.33081761006289306,0
27.304322367850368,88.33779673776343,1361.0133056640625,37.36813526585501,193.3978470151994,347.0,321.0,405.0,299.0,0.11570247933884298,-0.07712765957446809,0.15056818181818182,1
27.24688176990698,88.71078966625335,938.495361328125,34.852432641338936,84.07946631735877,278.0,248.0,333.0,234.0,0.14629948364888123,-0.09001636661211129,0.1746031746031746,0
27.131706326347256,88.33162934722935,865.6994018554688,40.989708342906944,173.00850396342855,303.0,276.0,360.0,253.0,0.1320754716981132,-0.08597285067873303,0.17455138662316477,1
27.54068247717202,88.65447154821243,1916.7528076171875,43.32719142035023,297.32933301550304,431.0,409.0,487.0,321.0,0.08705357142857142,-0.06100217864923747,0.20544554455445543,0
27.223920645736385,88.66494932621379,890.1046752929688,53.350772369246876,183.35764543093907,427.0,409.0,492.0,327.0,0.09211986681465038,-0.07072905331882481,0.20146520146520147,1
27.28604416759918,88.71916265883664,1520.6141357421875,31.25392842389594,213.63740921253336,427.0,399.0,494.0,358.0,0.10638297872340426,-0.0727470141150923,0.1596244131455399,0
27.42638071926904,88.39954504653896,2485.72412109375,30.803523672295075,137.0504808963342,468.0,451.0,537.0,326.0,0.08704453441295547,-0.06865671641791045,0.24449594438006952,0
27.365293100040102,88.53061470773692,-32768.0,0.0,0.0,486.0,472.0,542.0,296.0,0.06903353057199212,-0.054474708171206226,0.2935560859188544,0
27.387492640794317,88.19118808750235,2673.885498046875,27.251778020194855,91.65794581870279,335.0,315.0,379.0,222.0,0.09221902017291066,-0.06162464985994398,0.2612312811980033,0
27.157049176644463,88.68303425083532,1146.5361328125,20.222006543567677,201.01800279719396,390.0,367.0,458.0,328.0,0.1103030303030303,-0.08018867924528301,0.16539440203562342,0
27.401026588183694,88.85638548129103,3920.074951171875,24.99116374607862,334.5881461668249,119.0,84.0,251.0,156.0,0.49850746268656715,-0.3567567567567568,0.2334152334152334,0
27.150040044102372,88.51382430977756,427.821044921875,25.538710959485137,110.80350423481127,363.0,337.0,410.0,296.0,0.09772423025435073,-0.06080206985769728,0.16147308781869688,0
27.127806115781365,88.87134021445921,935.5742797851562,4.936081349690604,308.17015686924566,553.0,527.0,594.0,355.0,0.05976806422836753,-0.03574542284219703,0.2518440463645943,0
27.27135484813133,88.31512877474599,1303.952880859375,41.88797140910128,174.91512522067922,329.0,299.0,369.0,271.0,0.10479041916167664,-0.05730659025787966,0.153125,0
27.340864791266043,88.7960625511997,3637.051513671875,31.636882100821467,206.60120133644142,477.0,448.0,556.0,372.0,0.10756972111553785,-0.07647628267182963,0.19827586206896552,0
27.35740201500202,88.59977242041127,-32768.0,0.0,0.0,392.0,372.0,445.0,304.0,0.08935128518971848,-0.06332138590203107,0.1882510013351135,0
27.447537599628028,88.31640650009221,3333.7607421875,26.916289043902527,90.0343049508408,448.0,433.0,487.0,263.0,0.058695652173913045,-0.04171122994652406,0.2986666666666667,0
27.219412147922043,88.66343777406104,994.904052734375,15.761074877252558,41.36303856646043,364.0,342.0,441.0,302.0,0.12643678160919541,-0.09565217391304348,0.18707940780619112,0
27.304591168907777,88.11475611148168,2188.64599609375,42.27371797934786,216.86712339748456,433.0,413.0,489.0,270.0,0.08425720620842572,-0.06073752711496746,0.2885375494071146,0
27.133563898818654,88.36188763777798,855.5944213867188,46.078349744809614,280.22437859287635,296.0,270.0,353.0,256.0,0.1332263242375602,-0.08782742681047766,0.1592775041050903,1
27.19308507269573,88.4347051648185,1035.318603515625,38.38364682475292,190.42305161693926,459.0,438.0,500.0,327.0,0.06609808102345416,-0.04275286757038582,0.20918984280532044,1
27.44735267068323,88.35259372228867,2520.76171875,25.150753824891463,278.23085983625543,416.0,398.0,454.0,284.0,0.06572769953051644,-0.04367816091954023,0.23035230352303523,0
27.234614860168904,88.32941365467981,1598.6949462890625,32.15064258019296,97.59114603789959,299.0,274.0,353.0,253.0,0.12599681020733652,-0.08282208588957055,0.16501650165016502,0
27.497901773766408,88.73019535721996,4142.294921875,33.325163360356434,31.981595483943636,398.0,386.0,460.0,274.0,0.08747044917257683,-0.07226107226107226,0.25340599455040874,0
27.127561439751638,88.46291472605053,451.6717224121094,27.75518389130351,163.29656374988178,247.0,217.0,331.0,234.0,0.20802919708029197,-0.1453287197231834,0.17168141592920355,0
27.106574332417292,88.17750512851386,1194.0506591796875,22.496298647424492,306.9215172888922,296.0,276.0,342.0,222.0,0.10679611650485436,-0.07210031347962383,0.2127659574468085,0
27.372522600103245,88.64234208842382,2040.9962158203125,40.258361112579266,284.2405029879895,527.0,508.0,586.0,334.0,0.0712979890310786,-0.053009883198562445,0.27391304347826084,0
27.49066418062411,88.6327277412055,-32768.0,0.0,0.0,551.0,534.0,622.0,275.0,0.07612456747404844,-0.060528559249786874,0.38684503901895206,0
27.17087323002156,88.25985497562215,685.4619750976562,41.033279370268026,196.53010437772508,242.0,210.0,337.0,226.0,0.23217550274223034,-0.16407599309153714,0.19715808170515098,1
27.231765145811654,88.4107944001174,1900.2960205078125,20.46836543008556,47.44810532676223,396.0,373.0,441.0,304.0,0.08353808353808354,-0.053763440860215055,0.18389261744966443,0
27.154929187734922,88.13974003198372,1906.4364013671875,31.939843627497307,172.82318450955756,410.0,382.0,472.0,317.0,0.1053864168618267,-0.07029478458049887,0.1964512040557668,0
27.341512340598705,88.51441377676475,-32768.0,0.0,0.0,358.0,334.0,395.0,268.0,0.08367626886145405,-0.049136786188579015,0.19155354449472098,1
27.221417676438307,88.34277975599474,1366.5709228515625,47.21651080318136,180.0360160557703,276.0,253.0,337.0,244.0,0.1423728813559322,-0.09951060358890701,0.16006884681583478,0
27.119728529159392,88.33383847570468,755.1339111328125,18.71309626470934,267.88081317298116,221.0,194.0,291.0,217.0,0.2,-0.13671875,0.14566929133858267,0
27.258870197244878,88.69982628431008,1323.1715087890625,16.161041401495684,104.09210557107446,350.0,328.0,404.0,284.0,0.10382513661202186,-0.07161803713527852,0.1744186046511628,0
27.268304756055613,88.82969290353881,2530.134521484375,55.325105399197156,126.67482004460129,534.0,508.0,599.0,337.0,0.08220415537488708,-0.05736981465136805,0.2799145299145299,1
27.113274089208986,88.22282129334423,536.3851318359375,34.6515563450644,121.97349230256458,145.0,116.0,222.0,127.0,0.3136094674556213,-0.2098092643051771,0.2722063037249284,1
27.11551908517238,88.2137942787823,593.7918701171875,20.40772863736612,352.01214209325445,164.0,140.0,263.0,160.0,0.3052109181141439,-0.23185011709601874,0.24349881796690306,1
27.37557345459113,88.45852561248289,1272.917724609375,34.18491563807463,86.43267820347876,400.0,375.0,445.0,290.0,0.08536585365853659,-0.05325443786982249,0.2108843537414966,0
27.11305853613967,88.19035472027817,1535.7706298828125,16.71524944550879,261.2806917028839,336.0,319.0,387.0,255.0,0.09631728045325778,-0.07053941908713693,0.205607476635514,0
27.228488039470097,88.20802800011163,2270.404052734375,22.022097882674753,121.72983961327827,419.0,392.0,468.0,300.0,0.08837209302325581,-0.0552423900789177,0.21875,0
27.359397718296087,88.3031626467401,1679.349365234375,31.77849361726308,70.71053990653661,411.0,384.0,456.0,267.0,0.08571428571428572,-0.05190311418685121,0.26141078838174275,0
27.294778157919335,88.70443692154322,2308.770263671875,38.86239009282318,84.41018645002498,455.0,428.0,503.0,342.0,0.08055853920515575,-0.05010438413361169,0.19053254437869824,0
27.286732406414643,88.21498592213524,1282.9312744140625,38.40836997679871,150.2356558316194,353.0,327.0,402.0,260.0,0.102880658436214,-0.06490066225165562,0.21450151057401812,1
27.172949771399853,88.81198559011878,1866.0751953125,26.95153596962988,111.80841716213797,462.0,431.0,486.0,305.0,0.05997818974918211,-0.02531645569620253,0.22882427307206069,0
27.47871025283593,88.38797029055699,3122.084716796875,32.23431198362951,195.18893298613025,406.0,379.0,451.0,286.0,0.08674698795180723,-0.052508751458576426,0.22388059701492538,0
27.371794822843086,88.8294426474854,4056.61962890625,27.01508959856286,203.817763243369,478.0,455.0,549.0,339.0,0.09362549800796813,-0.0691333982473223,0.23648648648648649,0
27.35722355055581,88.72729065976874,3336.653564453125,36.2899055294807,221.3594289059472,515.0,487.0,572.0,356.0,0.08026440037771483,-0.05243790248390064,0.23275862068965517,0
27.41779986443542,88.51624442663336,-32768.0,0.0,0.0,216.0,189.0,267.0,198.0,0.17105263157894737,-0.10559006211180125,0.14838709677419354,0
27.107043210092545,88.2415454243388,498.89111328125,37.299296067867026,155.77036856678797,219.0,192.0,316.0,221.0,0.2440944881889764,-0.18130841121495328,0.17690875232774675,1
27.42979505314807,88.8730039067728,4149.89306640625,9.743855713926951,315.8391845810572,104.0,76.0,308.0,176.0,0.6041666666666666,-0.49514563106796117,0.2727272727272727,0
27.51967640699033,88.13422716252178,4135.92236328125,34.77311766030871,75.70496299339607,203.0,193.0,249.0,172.0,0.12669683257918551,-0.10176991150442478,0.1828978622327791,0
27.1933426145284,88.65933378438633,1169.5201416015625,31.554035535722544,312.4772108742378,383.0,352.0,421.0,271.0,0.08926261319534282,-0.0472636815920398,0.21676300578034682,0
27.48137615353281,88.1293830854738,3893.82275390625,39.07788018143829,190.9633011884801,416.0,409.0,479.0,292.0,0.07882882882882883,-0.07039106145251396,0.24254215304798962,0
27.180223402378758,88.26911054533521,1127.9158935546875,59.22500276051488,158.79162693197122,289.0,261.0,364.0,260.0,0.1648,-0.11485451761102604,0.16666666666666666,1
27.46724711601292,88.49499892398404,1823.38232421875,34.56923566765308,111.61782097808378,233.0,214.0,299.0,201.0,0.16569200779727095,-0.12406015037593984,0.196,0
27.121884163005586,88.30676618920707,381.39892578125,23.080176906239345,34.90507649632809,146.0,113.0,223.0,141.0,0.3273809523809524,-0.2086720867208672,0.22527472527472528,0
27.138992176999274,88.89113756181673,1252.400146484375,39.543071644136965,172.44951168349326,468.0,442.0,503.0,349.0,0.06455026455026455,-0.03604531410916581,0.1807511737089202,0
27.488067538274105,88.61696325366847,-32768.0,0.0,0.0,427.0,401.0,451.0,230.0,0.05868544600938967,-0.02733485193621868,0.3245227606461087,0
27.311459082396095,88.12723447593832,2708.59619140625,37.49890937308118,112.72150306579454,452.0,428.0,499.0,286.0,0.07659115426105717,-0.04942166140904311,0.2713375796178344,0
27.273665449797974,88.41081083844924,807.0353393554688,21.950497569098353,176.9998762443779,240.0,220.0,304.0,205.0,0.16030534351145037,-0.11764705882352941,0.1944990176817289,0
27.356475066941417,88.72311897252938,3095.76611328125,36.403112531162925,184.35458521949968,510.0,479.0,559.0,326.0,0.07707129094412331,-0.04583723105706267,0.2632768361581921,0
27.44294792173205,88.70521611693889,2655.116943359375,35.10904644567839,13.690036639899347,424.0,412.0,504.0,312.0,0.10043668122270742,-0.08620689655172414,0.23529411764705882,0
27.302839266406234,88.27306795298388,1133.54638671875,34.7092220388389,26.667644651774367,339.0,320.0,398.0,269.0,0.10863509749303621,-0.08005427408412483,0.1934032983508246,0
27.50507307994135,88.46185444101157,2559.19482421875,30.72803726573528,135.89945601992213,463.0,437.0,498.0,244.0,0.06524064171122995,-0.036420395421436005,0.3423180592991914,0
27.24743242784869,88.18310901174212,1535.5484619140625,27.331644034338346,326.121907337294,455.0,432.0,497.0,299.0,0.06996770721205597,-0.04411764705882353,0.24874371859296482,0
27.48494944232429,88.83936009605131,4023.715576171875,33.17162585305497,10.883943831495685,92.0,63.0,257.0,121.0,0.60625,-0.47277936962750716,0.35978835978835977,0
27.412771650288,88.16221930829657,-32768.0,0.0,0.0,388.0,361.0,420.0,239.0,0.07554417413572344,-0.039603960396039604,0.2746585735963581,0
27.1296738252465,88.24418053200506,732.3955688476562,50.544578388816035,109.97680589650133,196.0,175.0,306.0,190.0,0.27234927234927236,-0.21912350597609562,0.23387096774193547,1
27.352131470031427,88.38921116414134,2568.401611328125,17.6677085607763,305.8150450681953,519.0,497.0,561.0,287.0,0.06049149338374291,-0.03888888888888889,0.3231132075471698,0
27.229181087168087,88.67252348506067,1142.636474609375,18.268786696336882,136.18350513029486,339.0,317.0,391.0,270.0,0.10451977401129943,-0.07123287671232877,0.18305597579425115,0
27.410759295375165,88.32172213513302,2182.2080078125,29.012794829622873,146.48256170993454,418.0,394.0,470.0,292.0,0.08796296296296297,-0.05855855855855856,0.2335958005249344,0
27.419586137222367,88.57852741230593,-32768.0,0.0,0.0,353.0,329.0,390.0,241.0,0.08484005563282336,-0.04979811574697174,0.23613312202852615,0
27.5086371306785,88.75020209150009,4286.10888671875,51.784043212736876,272.8142597261179,280.0,248.0,301.0,204.0,0.0965391621129326,-0.03614457831325301,0.19207920792079208,0
27.310141304262757,88.72375006481221,1876.52783203125,60.89636573214013,110.99485984160549,422.0,395.0,476.0,351.0,0.09299655568312284,-0.060133630289532294,0.15114873035066506,1
27.251372822393805,88.31677947905906,673.4295043945312,26.37008219185925,275.26789456103245,450.0,422.0,516.0,340.0,0.10021321961620469,-0.06832298136645963,0.205607476635514,0
27.238314222132423,88.47118391852123,653.3828735351562,28.048129159281725,18.85943116977944,391.0,371.0,448.0,321.0,0.09401709401709402,-0.06793802145411204,0.16514954486345904,0
27.194787383090734,88.71074402772422,1128.83056640625,29.039817502782785,335.0258399130596,345.0,313.0,398.0,278.0,0.11954992967651196,-0.07133243606998654,0.17751479289940827,0
27.248290168558135,88.62198619963964,1480.2298583984375,32.27922839109371,227.66544817396053,306.0,278.0,345.0,239.0,0.10754414125200643,-0.059907834101382486,0.1815068493150685,0
27.298089467081017,88.2242176938832,1940.7474365234375,27.750062819720945,41.08646264267327,338.0,317.0,391.0,247.0,0.10451977401129943,-0.07270233196159122,0.22570532915360503,0
27.3319906822388,88.27192038409177,1018.979736328125,34.41645432172313,184.55039773542828,283.0,282.0,364.0,236.0,0.12693498452012383,-0.125193199381762,0.21333333333333335,1
27.248065859264486,88.62107110814124,1457.861328125,24.63357034209994,175.16249114791776,270.0,239.0,322.0,231.0,0.14795008912655971,-0.08783783783783784,0.16455696202531644,0
27.41251503017668,88.46441302738535,2714.974365234375,36.1313467792875,74.96123412130419,412.0,386.0,461.0,303.0,0.0885478158205431,-0.056128293241695305,0.20680628272251309,0
27.432954946663983,88.17275128275585,2611.231689453125,36.876746013850706,235.2901848613788,259.0,232.0,288.0,176.0,0.1076923076923077,-0.05301645338208409,0.2413793103448276,1
27.123318303313347,88.10621834570894,1775.874267578125,32.12179709073395,68.65086416752433,245.0,215.0,314.0,208.0,0.18714555765595464,-0.12343470483005367,0.20306513409961685,0
27.130794456708035,88.29879219413004,398.41741943359375,33.08301019691548,128.68630665324372,156.0,119.0,302.0,169.0,0.4346793349168646,-0.31877729257641924,0.2823779193205945,1
27.30817640405886,88.711977164498,2257.80224609375,42.235568226252056,32.947553954145405,395.0,370.0,438.0,280.0,0.08415841584158416,-0.05162064825930372,0.2200557103064067,0
27.342302394199805,88.1431396107107,1787.8482666015625,44.81208805155653,237.34416553664636,414.0,388.0,459.0,282.0,0.08382526564344746,-0.05154639175257732,0.2388663967611336,0
27.213436202488342,88.79567890265321,2480.72412109375,9.637239659896505,321.68563087730183,549.0,527.0,606.0,357.0,0.06972639011473963,-0.04935064935064935,0.2585669781931464,0
27.502811427095818,88.38584187930817,3309.364501953125,39.07294633837603,48.63368625454325,528.0,503.0,589.0,313.0,0.07875457875457875,-0.05461056401074306,0.30598669623059865,0
27.176143748111997,88.67861871424617,1390.4202880859375,21.676756509094137,275.19597244121405,238.0,203.0,275.0,182.0,0.1506276150627615,-0.07212475633528265,0.20350109409190373,0
27.29869783450119,88.58906917430537,953.4471435546875,21.328290208189085,284.3479425602609,222.0,194.0,289.0,220.0,0.19668737060041408,-0.13111545988258316,0.13555992141453832,0
27.339365254696137,88.37667911850178,2871.657958984375,30.262374159902997,249.79416213797094,465.0,441.0,509.0,294.0,0.07157894736842105,-0.045174537987679675,0.26774595267745954,0
27.127767428558528,88.75016168800599,2744.05517578125,31.759695440242233,91.34468832477364,315.0,297.0,399.0,308.0,0.14655172413793102,-0.11764705882352941,0.12871287128712872,0
27.126580003276707,88.33250024646722,658.0350952148438,31.321512835597574,190.8832375906702,160.0,125.0,232.0,152.0,0.29971988795518206,-0.1836734693877551,0.20833333333333334,1
27.108898897098936,88.87075163388944,560.4925537109375,2.0703706016021797,139.46248806719962,387.0,362.0,425.0,316.0,0.08005082592121983,-0.046798029556650245,0.14709851551956815,0
27.249633951134932,88.68705651509616,1720.7520751953125,22.475573156438436,56.66964774967778,337.0,314.0,387.0,272.0,0.10413694721825963,-0.06906077348066299,0.17450682852807284,0
27.143677892667476,88.19665852569469,749.4976806640625,21.105163428248513,261.9633288187623,137.0,109.0,226.0,131.0,0.3492537313432836,-0.24517906336088155,0.2661064425770308,1
27.186155871533376,88.71258919345574,1566.6844482421875,29.382030537914385,325.8684104657297,515.0,492.0,575.0,356.0,0.07778819119025304,-0.05504587155963303,0.23523093447905477,0
27.163434052659568,88.51793300482842,572.7029418945312,36.097028521407424,124.96108303348387,376.0,356.0,430.0,303.0,0.09414758269720101,-0.06699751861042183,0.17326057298772168,1
27.19601959537509,88.52933121710126,664.2089233398438,30.689174179571303,190.12419833048688,346.0,320.0,397.0,293.0,0.10739191073919108,-0.06864064602960969,0.15072463768115943,0
27.246903071546217,88.70840779085265,1065.3016357421875,22.214887480410386,62.39390555379646,254.0,219.0,313.0,225.0,0.17669172932330826,-0.10405643738977072,0.16356877323420074,0
27.29850388281441,88.71676889788976,2053.32421875,41.425577493698015,132.12407522634095,494.0,472.0,542.0,359.0,0.06903353057199212,-0.04633204633204633,0.20310765815760268,1
27.22646048728157,88.44606799770023,1209.0963134765625,18.150572404660092,36.98179390915345,355.0,336.0,410.0,293.0,0.09919571045576407,-0.0718954248366013,0.16642958748221906,0
27.12734372079034,88.33319815357619,727.0634155273438,30.5613492868059,188.0898971805994,156.0,125.0,216.0,137.0,0.2668621700879765,-0.16129032258064516,0.2237960339943343,1
27.186230896827887,88.7318894902135,1428.25732421875,35.12668367087269,256.8486065637541,383.0,359.0,436.0,311.0,0.09685534591194969,-0.06471306471306472,0.16733601070950468,0
27.1120218544567,88.39927203224136,874.8922119140625,39.67922257277111,229.57819068183917,332.0,312.0,385.0,291.0,0.10473457675753228,-0.07391910739191074,0.1390532544378698,1
27.20270744000874,88.33014112480271,414.7127380371094,29.94038600585759,243.8053439362851,365.0,344.0,429.0,306.0,0.10996119016817593,-0.08060453400503778,0.1673469387755102,0
27.29410493176763,88.71977029425537,1580.449462890625,26.842985238808723,126.51214743281389,502.0,479.0,563.0,390.0,0.08061420345489444,-0.05727699530516432,0.18153200419727178,1
27.3080763264873,88.28034512462816,687.7227172851562,24.06805347758885,75.79661414767759,422.0,402.0,489.0,309.0,0.09764309764309764,-0.07354555433589462,0.22556390977443608,1
27.32954002459372,88.82830676704805,3960.017578125,12.24573955162382,272.057574311086,600.0,586.0,692.0,345.0,0.08294209702660407,-0.07120743034055728,0.33461909353905495,0
27.33180253092022,88.48389766279936,537.4959716796875,24.89904967572834,265.7553326943861,352.0,330.0,388.0,245.0,0.0807799442896936,-0.04864864864864865,0.2259083728278041,0
27.345521224751515,88.72720654972157,2979.896484375,35.44843528856718,232.84023228279355,428.0,405.0,474.0,321.0,0.07849829351535836,-0.050997782705099776,0.19245283018867926,0
27.314801860875544,88.32681522877789,1130.9564208984375,63.285148134699334,170.26434327812365,346.0,323.0,398.0,281.0,0.10402219140083217,-0.06989247311827956,0.1723122238586156,1
